nivel,leccion,fuente_curricular,unidad,tema_oficial,espanol,ingles,kriol_documentado,kriol_nicaraguense (llenar),pronunciacion o notas (opcional),hablante / comunidad
A2,¿Quién es ella? Datos personales,MINED Inglés 8.º,Unit 1: Descriptions,Lesson 1: Who is she?,soltero,single,,,,
A2,¿Quién es ella? Datos personales,MINED Inglés 8.º,Unit 1: Descriptions,Lesson 1: Who is she?,casado,married,,,,
A2,¿Quién es ella? Datos personales,MINED Inglés 8.º,Unit 1: Descriptions,Lesson 1: Who is she?,ocupación,occupation,,,,
A2,¿Quién es ella? Datos personales,MINED Inglés 8.º,Unit 1: Descriptions,Lesson 1: Who is she?,años de edad,years old,,,,
A2,¿Quién es ella? Datos personales,MINED Inglés 8.º,Unit 1: Descriptions,Lesson 1: Who is she?,él es,he is,,,,
A2,¿Quién es ella? Datos personales,MINED Inglés 8.º,Unit 1: Descriptions,Lesson 1: Who is she?,ella es,she is,,,,
A2,¿Quién es ella? Datos personales,MINED Inglés 8.º,Unit 1: Descriptions,Lesson 1: Who is she?,ellos son,they are,,,,
A2,¿Quién es ella? Datos personales,MINED Inglés 8.º,Unit 1: Descriptions,Lesson 1: Who is she?,nosotros somos,we are,,,,
A2,¿Cómo es? Describir cosas,MINED Inglés 8.º,Unit 1: Descriptions,Lesson 2: What does it look like?,redondo,round,,,,
A2,¿Cómo es? Describir cosas,MINED Inglés 8.º,Unit 1: Descriptions,Lesson 2: What does it look like?,cuadrado,square,,,,
A2,¿Cómo es? Describir cosas,MINED Inglés 8.º,Unit 1: Descriptions,Lesson 2: What does it look like?,largo,long,Lang,,,
A2,¿Cómo es? Describir cosas,MINED Inglés 8.º,Unit 1: Descriptions,Lesson 2: What does it look like?,pesado,heavy,,,,
A2,¿Cómo es? Describir cosas,MINED Inglés 8.º,Unit 1: Descriptions,Lesson 2: What does it look like?,liviano,light,,,,
A2,¿Cómo es? Describir cosas,MINED Inglés 8.º,Unit 1: Descriptions,Lesson 2: What does it look like?,suave,soft,,,,
A2,¿Cómo es? Describir cosas,MINED Inglés 8.º,Unit 1: Descriptions,Lesson 2: What does it look like?,duro,hard,,,,
A2,¿Cómo es? Describir cosas,MINED Inglés 8.º,Unit 1: Descriptions,Lesson 2: What does it look like?,forma,shape,,,,
A2,Lo que me gusta de donde vivo,MINED Inglés 8.º,Unit 1: Descriptions,Lesson 3: What do you like about where you live?,tranquilo,quiet,,,,
A2,Lo que me gusta de donde vivo,MINED Inglés 8.º,Unit 1: Descriptions,Lesson 3: What do you like about where you live?,ruidoso,noisy,,,,
A2,Lo que me gusta de donde vivo,MINED Inglés 8.º,Unit 1: Descriptions,Lesson 3: What do you like about where you live?,seguro,safe,,,,
A2,Lo que me gusta de donde vivo,MINED Inglés 8.º,Unit 1: Descriptions,Lesson 3: What do you like about where you live?,peligroso,dangerous,,,,
A2,Lo que me gusta de donde vivo,MINED Inglés 8.º,Unit 1: Descriptions,Lesson 3: What do you like about where you live?,hermoso,beautiful,,,,
A2,Lo que me gusta de donde vivo,MINED Inglés 8.º,Unit 1: Descriptions,Lesson 3: What do you like about where you live?,amigable,friendly,,,,
A2,Lo que me gusta de donde vivo,MINED Inglés 8.º,Unit 1: Descriptions,Lesson 3: What do you like about where you live?,concurrido,crowded,,,,
A2,Lo que me gusta de donde vivo,MINED Inglés 8.º,Unit 1: Descriptions,Lesson 3: What do you like about where you live?,pacífico,peaceful,,,,
A2,¡El partido estuvo emocionante!,MINED Inglés 8.º,Unit 1: Descriptions,Lesson 4: The game was exciting!,emocionante,exciting,,,,
A2,¡El partido estuvo emocionante!,MINED Inglés 8.º,Unit 1: Descriptions,Lesson 4: The game was exciting!,aburrido,boring,,,,
A2,¡El partido estuvo emocionante!,MINED Inglés 8.º,Unit 1: Descriptions,Lesson 4: The game was exciting!,interesante,interesting,,,,
A2,¡El partido estuvo emocionante!,MINED Inglés 8.º,Unit 1: Descriptions,Lesson 4: The game was exciting!,divertido,funny,,,,
A2,¡El partido estuvo emocionante!,MINED Inglés 8.º,Unit 1: Descriptions,Lesson 4: The game was exciting!,aterrador,scary,,,,
A2,¡El partido estuvo emocionante!,MINED Inglés 8.º,Unit 1: Descriptions,Lesson 4: The game was exciting!,partido,game,,,,
A2,¡El partido estuvo emocionante!,MINED Inglés 8.º,Unit 1: Descriptions,Lesson 4: The game was exciting!,fue / estuvo,was,woz,,,
A2,¡El partido estuvo emocionante!,MINED Inglés 8.º,Unit 1: Descriptions,Lesson 4: The game was exciting!,fueron / estuvieron,were,,,,
A2,¿Cómo es ella? Apariencia física,MINED Inglés 8.º,Unit 1: Descriptions,Lesson 5: What does she look like?,cabello rizado,curly hair,,,,
A2,¿Cómo es ella? Apariencia física,MINED Inglés 8.º,Unit 1: Descriptions,Lesson 5: What does she look like?,cabello lacio,straight hair,,,,
A2,¿Cómo es ella? Apariencia física,MINED Inglés 8.º,Unit 1: Descriptions,Lesson 5: What does she look like?,piel morena,dark skin,,,,
A2,¿Cómo es ella? Apariencia física,MINED Inglés 8.º,Unit 1: Descriptions,Lesson 5: What does she look like?,ojos cafés,brown eyes,,,,
A2,¿Cómo es ella? Apariencia física,MINED Inglés 8.º,Unit 1: Descriptions,Lesson 5: What does she look like?,delgado,thin,,,,
A2,¿Cómo es ella? Apariencia física,MINED Inglés 8.º,Unit 1: Descriptions,Lesson 5: What does she look like?,barba,beard,,,,
A2,¿Cómo es ella? Apariencia física,MINED Inglés 8.º,Unit 1: Descriptions,Lesson 5: What does she look like?,anteojos,glasses,,,,
A2,¿Cómo es ella? Apariencia física,MINED Inglés 8.º,Unit 1: Descriptions,Lesson 5: What does she look like?,joven,young,Yong,,,
A2,Información de mi país,MINED Inglés 8.º,Unit 2: National Identity,Lesson 6: Country information (Where is my country?),población,population,Piipl,,,
A2,Información de mi país,MINED Inglés 8.º,Unit 2: National Identity,Lesson 6: Country information (Where is my country?),moneda,currency,,,,
A2,Información de mi país,MINED Inglés 8.º,Unit 2: National Identity,Lesson 6: Country information (Where is my country?),nacionalidad,nationality,,,,
A2,Información de mi país,MINED Inglés 8.º,Unit 2: National Identity,Lesson 6: Country information (Where is my country?),idioma oficial,official language,,,,
A2,Información de mi país,MINED Inglés 8.º,Unit 2: National Identity,Lesson 6: Country information (Where is my country?),habitante,inhabitant,,,,
A2,Información de mi país,MINED Inglés 8.º,Unit 2: National Identity,Lesson 6: Country information (Where is my country?),Centroamérica,Central America,,,,
A2,Información de mi país,MINED Inglés 8.º,Unit 2: National Identity,Lesson 6: Country information (Where is my country?),frontera,border,,,,
A2,Información de mi país,MINED Inglés 8.º,Unit 2: National Identity,Lesson 6: Country information (Where is my country?),nicaragüense,Nicaraguan,,,,
A2,Nuestros símbolos patrios,MINED Inglés 8.º,Unit 2: National Identity,Lesson 7: Our national symbols,símbolos patrios,national symbols,,,,
A2,Nuestros símbolos patrios,MINED Inglés 8.º,Unit 2: National Identity,Lesson 7: Our national symbols,bandera,flag,,,,
A2,Nuestros símbolos patrios,MINED Inglés 8.º,Unit 2: National Identity,Lesson 7: Our national symbols,escudo,coat of arms,,,,
A2,Nuestros símbolos patrios,MINED Inglés 8.º,Unit 2: National Identity,Lesson 7: Our national symbols,himno nacional,national anthem,,,,
A2,Nuestros símbolos patrios,MINED Inglés 8.º,Unit 2: National Identity,Lesson 7: Our national symbols,flor nacional,national flower,,,,
A2,Nuestros símbolos patrios,MINED Inglés 8.º,Unit 2: National Identity,Lesson 7: Our national symbols,ave nacional,national bird,,,,
A2,Nuestros símbolos patrios,MINED Inglés 8.º,Unit 2: National Identity,Lesson 7: Our national symbols,árbol nacional,national tree,,,,
A2,Nuestros símbolos patrios,MINED Inglés 8.º,Unit 2: National Identity,Lesson 7: Our national symbols,azul y blanco,blue and white,,,,
A2,Pueblos de Nicaragua,MINED Inglés 8.º,Unit 2: National Identity,Lesson 8: Nicaraguan ethnic groups,grupo étnico,ethnic group,,,,
A2,Pueblos de Nicaragua,MINED Inglés 8.º,Unit 2: National Identity,Lesson 8: Nicaraguan ethnic groups,pueblos indígenas,Indigenous people,,,,
A2,Pueblos de Nicaragua,MINED Inglés 8.º,Unit 2: National Identity,Lesson 8: Nicaraguan ethnic groups,afrodescendiente,Afro-descendant,,,,
A2,Pueblos de Nicaragua,MINED Inglés 8.º,Unit 2: National Identity,Lesson 8: Nicaraguan ethnic groups,miskitu,Miskitu,,,,
A2,Pueblos de Nicaragua,MINED Inglés 8.º,Unit 2: National Identity,Lesson 8: Nicaraguan ethnic groups,mayangna,Mayangna,,,,
A2,Pueblos de Nicaragua,MINED Inglés 8.º,Unit 2: National Identity,Lesson 8: Nicaraguan ethnic groups,creole,Creole,Kriol,,,
A2,Pueblos de Nicaragua,MINED Inglés 8.º,Unit 2: National Identity,Lesson 8: Nicaraguan ethnic groups,garífuna,Garifuna,,,,
A2,Pueblos de Nicaragua,MINED Inglés 8.º,Unit 2: National Identity,Lesson 8: Nicaraguan ethnic groups,cultura,culture,,,,
A2,Bailes y trajes típicos,MINED Inglés 8.º,Unit 2: National Identity,Lesson 9: Nicaraguan dances and costumes,baile,dance,,,,
A2,Bailes y trajes típicos,MINED Inglés 8.º,Unit 2: National Identity,Lesson 9: Nicaraguan dances and costumes,traje típico,costume,,,,
A2,Bailes y trajes típicos,MINED Inglés 8.º,Unit 2: National Identity,Lesson 9: Nicaraguan dances and costumes,danza folclórica,folk dance,,,,
A2,Bailes y trajes típicos,MINED Inglés 8.º,Unit 2: National Identity,Lesson 9: Nicaraguan dances and costumes,Palo de Mayo,May Pole,,,,
A2,Bailes y trajes típicos,MINED Inglés 8.º,Unit 2: National Identity,Lesson 9: Nicaraguan dances and costumes,falda,skirt,,,,
A2,Bailes y trajes típicos,MINED Inglés 8.º,Unit 2: National Identity,Lesson 9: Nicaraguan dances and costumes,máscara,mask,,,,
A2,Bailes y trajes típicos,MINED Inglés 8.º,Unit 2: National Identity,Lesson 9: Nicaraguan dances and costumes,tambor,drum,,,,
A2,Bailes y trajes típicos,MINED Inglés 8.º,Unit 2: National Identity,Lesson 9: Nicaraguan dances and costumes,presentar,perform,,,,
A2,Turismo en Nicaragua,MINED Inglés 8.º,Unit 2: National Identity,Lesson 10: Tourism in Nicaragua,turista,tourist,,,,
A2,Turismo en Nicaragua,MINED Inglés 8.º,Unit 2: National Identity,Lesson 10: Tourism in Nicaragua,playa,beach,,,,
A2,Turismo en Nicaragua,MINED Inglés 8.º,Unit 2: National Identity,Lesson 10: Tourism in Nicaragua,visitar,visit,Kaal / Si / Sii,,,
A2,Turismo en Nicaragua,MINED Inglés 8.º,Unit 2: National Identity,Lesson 10: Tourism in Nicaragua,bote,boat,,,,
A2,Turismo en Nicaragua,MINED Inglés 8.º,Unit 2: National Identity,Lesson 10: Tourism in Nicaragua,hotel,hotel,,,,
A2,Turismo en Nicaragua,MINED Inglés 8.º,Unit 2: National Identity,Lesson 10: Tourism in Nicaragua,reserva natural,nature reserve,,,,
A2,Turismo en Nicaragua,MINED Inglés 8.º,Unit 2: National Identity,Lesson 10: Tourism in Nicaragua,cascada,waterfall,,,,
A2,Turismo en Nicaragua,MINED Inglés 8.º,Unit 2: National Identity,Lesson 10: Tourism in Nicaragua,guía,guide,,,,
A2,Háblame de Nicaragua,MINED Inglés 8.º,Unit 2: National Identity,Lesson 11: Tell me about Nicaragua,norte,north,,,,
A2,Háblame de Nicaragua,MINED Inglés 8.º,Unit 2: National Identity,Lesson 11: Tell me about Nicaragua,sur,south,,,,
A2,Háblame de Nicaragua,MINED Inglés 8.º,Unit 2: National Identity,Lesson 11: Tell me about Nicaragua,este,east,,,,
A2,Háblame de Nicaragua,MINED Inglés 8.º,Unit 2: National Identity,Lesson 11: Tell me about Nicaragua,oeste,west,,,,
A2,Háblame de Nicaragua,MINED Inglés 8.º,Unit 2: National Identity,Lesson 11: Tell me about Nicaragua,mar Caribe,Caribbean Sea,,,,
A2,Háblame de Nicaragua,MINED Inglés 8.º,Unit 2: National Identity,Lesson 11: Tell me about Nicaragua,océano Pacífico,Pacific Ocean,,,,
A2,Háblame de Nicaragua,MINED Inglés 8.º,Unit 2: National Identity,Lesson 11: Tell me about Nicaragua,ubicado,located,,,,
A2,Háblame de Nicaragua,MINED Inglés 8.º,Unit 2: National Identity,Lesson 11: Tell me about Nicaragua,famoso por,famous for,,,,
A2,Comidas típicas de Nicaragua,MINED Inglés 8.º,Unit 3: Food,Lesson 12: Typical Nicaraguan foods,arroz,rice,Rais,,,
A2,Comidas típicas de Nicaragua,MINED Inglés 8.º,Unit 3: Food,Lesson 12: Typical Nicaraguan foods,frijoles,beans,Biins,,,
A2,Comidas típicas de Nicaragua,MINED Inglés 8.º,Unit 3: Food,Lesson 12: Typical Nicaraguan foods,plátano,plantain,,,,
A2,Comidas típicas de Nicaragua,MINED Inglés 8.º,Unit 3: Food,Lesson 12: Typical Nicaraguan foods,maíz,corn,,,,
A2,Comidas típicas de Nicaragua,MINED Inglés 8.º,Unit 3: Food,Lesson 12: Typical Nicaraguan foods,yuca,cassava,,,,
A2,Comidas típicas de Nicaragua,MINED Inglés 8.º,Unit 3: Food,Lesson 12: Typical Nicaraguan foods,coco,coconut,Kokanat / Kokenat,,,
A2,Comidas típicas de Nicaragua,MINED Inglés 8.º,Unit 3: Food,Lesson 12: Typical Nicaraguan foods,pescado,fish,Fish,,,
A2,Comidas típicas de Nicaragua,MINED Inglés 8.º,Unit 3: Food,Lesson 12: Typical Nicaraguan foods,cerdo,pork,,,,
A2,Alimentación saludable y nutrición,MINED Inglés 8.º,Unit 3: Food,Lesson 13: Meals,desayuno,breakfast,,,,
A2,Alimentación saludable y nutrición,MINED Inglés 8.º,Unit 3: Food,Lesson 13: Meals,almuerzo,lunch,,,,
A2,Alimentación saludable y nutrición,MINED Inglés 8.º,Unit 3: Food,Lesson 13: Meals,cena,dinner,,,,
A2,Alimentación saludable y nutrición,MINED Inglés 8.º,Unit 3: Food,Lesson 13: Meals,merienda,snack,,,,
A2,Alimentación saludable y nutrición,MINED Inglés 8.º,Unit 3: Food,Lesson 13: Meals,hambriento,hungry,,,,
A2,Alimentación saludable y nutrición,MINED Inglés 8.º,Unit 3: Food,Lesson 13: Meals,sediento,thirsty,,,,
A2,Alimentación saludable y nutrición,MINED Inglés 8.º,Unit 3: Food,Lesson 13: Meals,delicioso,delicious,,,,
A2,Alimentación saludable y nutrición,MINED Inglés 8.º,Unit 3: Food,Lesson 13: Meals,comida,meal,,,,
A2,Envases y cantidades,MINED Inglés 8.º,Unit 3: Food,Lesson 14: Food containers,una botella de,a bottle of,,,,
A2,Envases y cantidades,MINED Inglés 8.º,Unit 3: Food,Lesson 14: Food containers,una lata de,a can of,,,,
A2,Envases y cantidades,MINED Inglés 8.º,Unit 3: Food,Lesson 14: Food containers,una bolsa de,a bag of,,,,
A2,Envases y cantidades,MINED Inglés 8.º,Unit 3: Food,Lesson 14: Food containers,una caja de,a box of,,,,
A2,Envases y cantidades,MINED Inglés 8.º,Unit 3: Food,Lesson 14: Food containers,un vaso de,a glass of,,,,
A2,Envases y cantidades,MINED Inglés 8.º,Unit 3: Food,Lesson 14: Food containers,un pedazo de,a piece of,,,,
A2,Envases y cantidades,MINED Inglés 8.º,Unit 3: Food,Lesson 14: Food containers,un racimo de,a bunch of,,,,
A2,Envases y cantidades,MINED Inglés 8.º,Unit 3: Food,Lesson 14: Food containers,reciclar,recycle,,,,
A2,¿Qué estás comiendo?,MINED Inglés 8.º,Unit 3: Food,Lesson 15: What are you eating?,comer,eat,Iit / nyam,,,
A2,¿Qué estás comiendo?,MINED Inglés 8.º,Unit 3: Food,Lesson 15: What are you eating?,beber,drink,Drink,,,
A2,¿Qué estás comiendo?,MINED Inglés 8.º,Unit 3: Food,Lesson 15: What are you eating?,probar,taste,,,,
A2,¿Qué estás comiendo?,MINED Inglés 8.º,Unit 3: Food,Lesson 15: What are you eating?,dulce,sweet,Swiit,,,
A2,¿Qué estás comiendo?,MINED Inglés 8.º,Unit 3: Food,Lesson 15: What are you eating?,salado,salty,,,,
A2,¿Qué estás comiendo?,MINED Inglés 8.º,Unit 3: Food,Lesson 15: What are you eating?,picante,spicy,,,,
A2,¿Qué estás comiendo?,MINED Inglés 8.º,Unit 3: Food,Lesson 15: What are you eating?,agrio,sour,,,,
A2,¿Qué estás comiendo?,MINED Inglés 8.º,Unit 3: Food,Lesson 15: What are you eating?,fresco,fresh,,,,
A2,Preguntar precios,MINED Inglés 8.º,Unit 3: Food,Lesson 16: Asking for prices,cuánto cuesta,How much is,,,,
A2,Preguntar precios,MINED Inglés 8.º,Unit 3: Food,Lesson 16: Asking for prices,cuánto cuestan,How much are,,,,
A2,Preguntar precios,MINED Inglés 8.º,Unit 3: Food,Lesson 16: Asking for prices,costar,cost,,,,
A2,Preguntar precios,MINED Inglés 8.º,Unit 3: Food,Lesson 16: Asking for prices,libra,pound,,,,
A2,Preguntar precios,MINED Inglés 8.º,Unit 3: Food,Lesson 16: Asking for prices,docena,dozen,,,,
A2,Preguntar precios,MINED Inglés 8.º,Unit 3: Food,Lesson 16: Asking for prices,oferta,sale,,,,
A2,Preguntar precios,MINED Inglés 8.º,Unit 3: Food,Lesson 16: Asking for prices,cliente,customer,,,,
A2,Preguntar precios,MINED Inglés 8.º,Unit 3: Food,Lesson 16: Asking for prices,vendedor,seller,,,,
A2,Quehaceres y cocina,MINED Inglés 8.º,Unit 3: Food,Lesson 17: Household activities (I love to cook!),poner la mesa,set the table,,,,
A2,Quehaceres y cocina,MINED Inglés 8.º,Unit 3: Food,Lesson 17: Household activities (I love to cook!),lavar la ropa,do laundry,,,,
A2,Quehaceres y cocina,MINED Inglés 8.º,Unit 3: Food,Lesson 17: Household activities (I love to cook!),trapear el piso,mop the floor,,,,
A2,Quehaceres y cocina,MINED Inglés 8.º,Unit 3: Food,Lesson 17: Household activities (I love to cook!),sacudir los muebles,dust the furniture,,,,
A2,Quehaceres y cocina,MINED Inglés 8.º,Unit 3: Food,Lesson 17: Household activities (I love to cook!),regar las plantas,water the plants,,,,
A2,Quehaceres y cocina,MINED Inglés 8.º,Unit 3: Food,Lesson 17: Household activities (I love to cook!),tener que,have to,haftu / hafu / mos / Shud,,,
A2,Quehaceres y cocina,MINED Inglés 8.º,Unit 3: Food,Lesson 17: Household activities (I love to cook!),receta,recipe,,,,
A2,Quehaceres y cocina,MINED Inglés 8.º,Unit 3: Food,Lesson 17: Household activities (I love to cook!),hervir,boil,,,,
B1,¿Qué me pongo hoy?,MINED Inglés 8.º,Unit 4: Clothes,Lesson 18: What can I wear today?,camisa,shirt,,,,
B1,¿Qué me pongo hoy?,MINED Inglés 8.º,Unit 4: Clothes,Lesson 18: What can I wear today?,pantalón,pants,,,,
B1,¿Qué me pongo hoy?,MINED Inglés 8.º,Unit 4: Clothes,Lesson 18: What can I wear today?,vestido,dress,,,,
B1,¿Qué me pongo hoy?,MINED Inglés 8.º,Unit 4: Clothes,Lesson 18: What can I wear today?,falda,skirt,,,,
B1,¿Qué me pongo hoy?,MINED Inglés 8.º,Unit 4: Clothes,Lesson 18: What can I wear today?,zapatos,shoes,,,,
B1,¿Qué me pongo hoy?,MINED Inglés 8.º,Unit 4: Clothes,Lesson 18: What can I wear today?,camiseta,T-shirt,,,,
B1,¿Qué me pongo hoy?,MINED Inglés 8.º,Unit 4: Clothes,Lesson 18: What can I wear today?,pantalones cortos,shorts,,,,
B1,¿Qué me pongo hoy?,MINED Inglés 8.º,Unit 4: Clothes,Lesson 18: What can I wear today?,usar,wear,,,,
B1,¿Qué más te pones?,MINED Inglés 8.º,Unit 4: Clothes,Lesson 19: What else do you wear?,chaqueta,jacket,,,,
B1,¿Qué más te pones?,MINED Inglés 8.º,Unit 4: Clothes,Lesson 19: What else do you wear?,gorra,cap,,,,
B1,¿Qué más te pones?,MINED Inglés 8.º,Unit 4: Clothes,Lesson 19: What else do you wear?,calcetines,socks,,,,
B1,¿Qué más te pones?,MINED Inglés 8.º,Unit 4: Clothes,Lesson 19: What else do you wear?,botas,boots,,,,
B1,¿Qué más te pones?,MINED Inglés 8.º,Unit 4: Clothes,Lesson 19: What else do you wear?,sandalias,sandals,,,,
B1,¿Qué más te pones?,MINED Inglés 8.º,Unit 4: Clothes,Lesson 19: What else do you wear?,cinturón,belt,,,,
B1,¿Qué más te pones?,MINED Inglés 8.º,Unit 4: Clothes,Lesson 19: What else do you wear?,capote,raincoat,,,,
B1,¿Qué más te pones?,MINED Inglés 8.º,Unit 4: Clothes,Lesson 19: What else do you wear?,uniforme,uniform,,,,
B1,Describir la ropa,MINED Inglés 8.º,Unit 4: Clothes,Lesson 20: Clothing adjectives,apretado,tight,,,,
B1,Describir la ropa,MINED Inglés 8.º,Unit 4: Clothes,Lesson 20: Clothing adjectives,flojo,loose,,,,
B1,Describir la ropa,MINED Inglés 8.º,Unit 4: Clothes,Lesson 20: Clothing adjectives,cómodo,comfortable,,,,
B1,Describir la ropa,MINED Inglés 8.º,Unit 4: Clothes,Lesson 20: Clothing adjectives,a rayas,striped,,,,
B1,Describir la ropa,MINED Inglés 8.º,Unit 4: Clothes,Lesson 20: Clothing adjectives,liso,plain,,,,
B1,Describir la ropa,MINED Inglés 8.º,Unit 4: Clothes,Lesson 20: Clothing adjectives,algodón,cotton,,,,
B1,Describir la ropa,MINED Inglés 8.º,Unit 4: Clothes,Lesson 20: Clothing adjectives,a la moda,fashionable,,,,
B1,Describir la ropa,MINED Inglés 8.º,Unit 4: Clothes,Lesson 20: Clothing adjectives,pasado de moda,old-fashioned,,,,
B1,Verbos de la ropa,MINED Inglés 8.º,Unit 4: Clothes,Lesson 21: Clothing verbs,ponerse,put on,Gat / Get / Put,,,
B1,Verbos de la ropa,MINED Inglés 8.º,Unit 4: Clothes,Lesson 21: Clothing verbs,quitarse,take off,Go / kier / Put / Tek,,,
B1,Verbos de la ropa,MINED Inglés 8.º,Unit 4: Clothes,Lesson 21: Clothing verbs,probarse,try on,,,,
B1,Verbos de la ropa,MINED Inglés 8.º,Unit 4: Clothes,Lesson 21: Clothing verbs,lavar,wash,Wash,,,
B1,Verbos de la ropa,MINED Inglés 8.º,Unit 4: Clothes,Lesson 21: Clothing verbs,planchar,iron,,,,
B1,Verbos de la ropa,MINED Inglés 8.º,Unit 4: Clothes,Lesson 21: Clothing verbs,doblar,fold,,,,
B1,Verbos de la ropa,MINED Inglés 8.º,Unit 4: Clothes,Lesson 21: Clothing verbs,colgar,hang up,,,,
B1,Verbos de la ropa,MINED Inglés 8.º,Unit 4: Clothes,Lesson 21: Clothing verbs,vestirse,get dressed,Gat / Get,,,
B1,Joyas y accesorios,MINED Inglés 8.º,Unit 4: Clothes,Lesson 22: Jewelry and accessories,anillo,ring,,,,
B1,Joyas y accesorios,MINED Inglés 8.º,Unit 4: Clothes,Lesson 22: Jewelry and accessories,aretes,earrings,,,,
B1,Joyas y accesorios,MINED Inglés 8.º,Unit 4: Clothes,Lesson 22: Jewelry and accessories,reloj de pulsera,watch,,,,
B1,Joyas y accesorios,MINED Inglés 8.º,Unit 4: Clothes,Lesson 22: Jewelry and accessories,pulsera,bracelet,,,,
B1,Joyas y accesorios,MINED Inglés 8.º,Unit 4: Clothes,Lesson 22: Jewelry and accessories,collar,necklace,,,,
B1,Joyas y accesorios,MINED Inglés 8.º,Unit 4: Clothes,Lesson 22: Jewelry and accessories,billetera,wallet,,,,
B1,Joyas y accesorios,MINED Inglés 8.º,Unit 4: Clothes,Lesson 22: Jewelry and accessories,lentes de sol,sunglasses,,,,
B1,Joyas y accesorios,MINED Inglés 8.º,Unit 4: Clothes,Lesson 22: Jewelry and accessories,bolso,handbag,,,,
B1,¿Te queda bien?,MINED Inglés 8.º,Unit 4: Clothes,Lesson 23: Does it fit?,quedar,fit,,,,
B1,¿Te queda bien?,MINED Inglés 8.º,Unit 4: Clothes,Lesson 23: Does it fit?,talla,size,,,,
B1,¿Te queda bien?,MINED Inglés 8.º,Unit 4: Clothes,Lesson 23: Does it fit?,pequeña,small,,,,
B1,¿Te queda bien?,MINED Inglés 8.º,Unit 4: Clothes,Lesson 23: Does it fit?,mediana,medium,,,,
B1,¿Te queda bien?,MINED Inglés 8.º,Unit 4: Clothes,Lesson 23: Does it fit?,grande,large,,,,
B1,¿Te queda bien?,MINED Inglés 8.º,Unit 4: Clothes,Lesson 23: Does it fit?,demasiado grande,too big,,,,
B1,¿Te queda bien?,MINED Inglés 8.º,Unit 4: Clothes,Lesson 23: Does it fit?,demasiado pequeño,too small,,,,
B1,¿Te queda bien?,MINED Inglés 8.º,Unit 4: Clothes,Lesson 23: Does it fit?,probador,fitting room,,,,
B1,Deportes y actividades,MINED Inglés 8.º,Unit 5: Leisure Time,Lesson 24: Sports and activities,béisbol,baseball,,,,
B1,Deportes y actividades,MINED Inglés 8.º,Unit 5: Leisure Time,Lesson 24: Sports and activities,fútbol,soccer,,,,
B1,Deportes y actividades,MINED Inglés 8.º,Unit 5: Leisure Time,Lesson 24: Sports and activities,baloncesto,basketball,,,,
B1,Deportes y actividades,MINED Inglés 8.º,Unit 5: Leisure Time,Lesson 24: Sports and activities,voleibol,volleyball,,,,
B1,Deportes y actividades,MINED Inglés 8.º,Unit 5: Leisure Time,Lesson 24: Sports and activities,natación,swimming,,,,
B1,Deportes y actividades,MINED Inglés 8.º,Unit 5: Leisure Time,Lesson 24: Sports and activities,pesca,fishing,,,,
B1,Deportes y actividades,MINED Inglés 8.º,Unit 5: Leisure Time,Lesson 24: Sports and activities,equipo,team,,,,
B1,Deportes y actividades,MINED Inglés 8.º,Unit 5: Leisure Time,Lesson 24: Sports and activities,practicar,practice,,,,
B1,"Do, go o play con los deportes",MINED Inglés 8.º,Unit 5: Leisure Time,"Lesson 25: Do, go or play",jugar béisbol,play baseball,,,,
B1,"Do, go o play con los deportes",MINED Inglés 8.º,Unit 5: Leisure Time,"Lesson 25: Do, go or play",ir a nadar,go swimming,,,,
B1,"Do, go o play con los deportes",MINED Inglés 8.º,Unit 5: Leisure Time,"Lesson 25: Do, go or play",ir a pescar,go fishing,,,,
B1,"Do, go o play con los deportes",MINED Inglés 8.º,Unit 5: Leisure Time,"Lesson 25: Do, go or play",practicar karate,do karate,,,,
B1,"Do, go o play con los deportes",MINED Inglés 8.º,Unit 5: Leisure Time,"Lesson 25: Do, go or play",hacer ejercicio,do exercise,,,,
B1,"Do, go o play con los deportes",MINED Inglés 8.º,Unit 5: Leisure Time,"Lesson 25: Do, go or play",salir a correr,go running,,,,
B1,"Do, go o play con los deportes",MINED Inglés 8.º,Unit 5: Leisure Time,"Lesson 25: Do, go or play",jugar voleibol,play volleyball,,,,
B1,"Do, go o play con los deportes",MINED Inglés 8.º,Unit 5: Leisure Time,"Lesson 25: Do, go or play",hacer yoga,do yoga,,,,
B1,Equipo deportivo,MINED Inglés 8.º,Unit 5: Leisure Time,Lesson 26: Sports equipment,bate,bat,,,,
B1,Equipo deportivo,MINED Inglés 8.º,Unit 5: Leisure Time,Lesson 26: Sports equipment,guante,glove,,,,
B1,Equipo deportivo,MINED Inglés 8.º,Unit 5: Leisure Time,Lesson 26: Sports equipment,casco,helmet,,,,
B1,Equipo deportivo,MINED Inglés 8.º,Unit 5: Leisure Time,Lesson 26: Sports equipment,red,net,Net / red,,,
B1,Equipo deportivo,MINED Inglés 8.º,Unit 5: Leisure Time,Lesson 26: Sports equipment,caña de pescar,fishing rod,,,,
B1,Equipo deportivo,MINED Inglés 8.º,Unit 5: Leisure Time,Lesson 26: Sports equipment,silbato,whistle,,,,
B1,Equipo deportivo,MINED Inglés 8.º,Unit 5: Leisure Time,Lesson 26: Sports equipment,campo,field,,,,
B1,Equipo deportivo,MINED Inglés 8.º,Unit 5: Leisure Time,Lesson 26: Sports equipment,cancha,court,,,,
B1,Día del Amor y la Amistad,MINED Inglés 8.º,Unit 5: Leisure Time,Lesson 27: Happy Valentine's Day,amor,love,Lov,,,
B1,Día del Amor y la Amistad,MINED Inglés 8.º,Unit 5: Leisure Time,Lesson 27: Happy Valentine's Day,amistad,friendship,,,,
B1,Día del Amor y la Amistad,MINED Inglés 8.º,Unit 5: Leisure Time,Lesson 27: Happy Valentine's Day,tarjeta,card,,,,
B1,Día del Amor y la Amistad,MINED Inglés 8.º,Unit 5: Leisure Time,Lesson 27: Happy Valentine's Day,corazón,heart,,,,
B1,Día del Amor y la Amistad,MINED Inglés 8.º,Unit 5: Leisure Time,Lesson 27: Happy Valentine's Day,flores,flowers,,,,
B1,Día del Amor y la Amistad,MINED Inglés 8.º,Unit 5: Leisure Time,Lesson 27: Happy Valentine's Day,chocolate,chocolate,,,,
B1,Día del Amor y la Amistad,MINED Inglés 8.º,Unit 5: Leisure Time,Lesson 27: Happy Valentine's Day,dar,give,Gi / Giv,,,
B1,Día del Amor y la Amistad,MINED Inglés 8.º,Unit 5: Leisure Time,Lesson 27: Happy Valentine's Day,especial,special,,,,
B1,Celebraciones,MINED Inglés 8.º,Unit 5: Leisure Time,Lesson 28: Celebrations,celebración,celebration,,,,
B1,Celebraciones,MINED Inglés 8.º,Unit 5: Leisure Time,Lesson 28: Celebrations,boda,wedding,,,,
B1,Celebraciones,MINED Inglés 8.º,Unit 5: Leisure Time,Lesson 28: Celebrations,aniversario,anniversary,,,,
B1,Celebraciones,MINED Inglés 8.º,Unit 5: Leisure Time,Lesson 28: Celebrations,graduación,graduation,,,,
B1,Celebraciones,MINED Inglés 8.º,Unit 5: Leisure Time,Lesson 28: Celebrations,invitado,guest,,,,
B1,Celebraciones,MINED Inglés 8.º,Unit 5: Leisure Time,Lesson 28: Celebrations,decorar,decorate,,,,
B1,Celebraciones,MINED Inglés 8.º,Unit 5: Leisure Time,Lesson 28: Celebrations,invitar,invite,,,,
B1,Celebraciones,MINED Inglés 8.º,Unit 5: Leisure Time,Lesson 28: Celebrations,Año Nuevo,New Year,,,,
B1,¿Adónde vas en tu tiempo libre?,MINED Inglés 8.º,Unit 5: Leisure Time,Lesson 29: Where do you go in your spare time?,tiempo libre,spare time,,,,
B1,¿Adónde vas en tu tiempo libre?,MINED Inglés 8.º,Unit 5: Leisure Time,Lesson 29: Where do you go in your spare time?,usualmente,usually,,,,
B1,¿Adónde vas en tu tiempo libre?,MINED Inglés 8.º,Unit 5: Leisure Time,Lesson 29: Where do you go in your spare time?,a veces,sometimes,,,,
B1,¿Adónde vas en tu tiempo libre?,MINED Inglés 8.º,Unit 5: Leisure Time,Lesson 29: Where do you go in your spare time?,nunca,never,,,,
B1,¿Adónde vas en tu tiempo libre?,MINED Inglés 8.º,Unit 5: Leisure Time,Lesson 29: Where do you go in your spare time?,siempre,always,Aalwiez,,,
B1,¿Adónde vas en tu tiempo libre?,MINED Inglés 8.º,Unit 5: Leisure Time,Lesson 29: Where do you go in your spare time?,a menudo,often,,,,
B1,¿Adónde vas en tu tiempo libre?,MINED Inglés 8.º,Unit 5: Leisure Time,Lesson 29: Where do you go in your spare time?,visitar amigos,visit friends,,,,
B1,¿Adónde vas en tu tiempo libre?,MINED Inglés 8.º,Unit 5: Leisure Time,Lesson 29: Where do you go in your spare time?,ir a la iglesia,go to church,,,,
B1,Artesanías de Nicaragua,MINED Inglés 8.º,Unit 5: Leisure Time,Lesson 30: Nicaraguan handicrafts,artesanía,handicraft,,,,
B1,Artesanías de Nicaragua,MINED Inglés 8.º,Unit 5: Leisure Time,Lesson 30: Nicaraguan handicrafts,barro,clay,,,,
B1,Artesanías de Nicaragua,MINED Inglés 8.º,Unit 5: Leisure Time,Lesson 30: Nicaraguan handicrafts,madera,wood,,,,
B1,Artesanías de Nicaragua,MINED Inglés 8.º,Unit 5: Leisure Time,Lesson 30: Nicaraguan handicrafts,cuero,leather,,,,
B1,Artesanías de Nicaragua,MINED Inglés 8.º,Unit 5: Leisure Time,Lesson 30: Nicaraguan handicrafts,semilla,seed,,,,
B1,Artesanías de Nicaragua,MINED Inglés 8.º,Unit 5: Leisure Time,Lesson 30: Nicaraguan handicrafts,canasta,basket,,,,
B1,Artesanías de Nicaragua,MINED Inglés 8.º,Unit 5: Leisure Time,Lesson 30: Nicaraguan handicrafts,hamaca,hammock,,,,
B1,Artesanías de Nicaragua,MINED Inglés 8.º,Unit 5: Leisure Time,Lesson 30: Nicaraguan handicrafts,tallar,carve,,,,
B1,Habilidades para el trabajo,MINED Inglés 9.º–10.º,Unit 1: Occupations,Lesson 1: Job skills,habilidad,skill,,,,
B1,Habilidades para el trabajo,MINED Inglés 9.º–10.º,Unit 1: Occupations,Lesson 1: Job skills,salario,salary,,,,
B1,Habilidades para el trabajo,MINED Inglés 9.º–10.º,Unit 1: Occupations,Lesson 1: Job skills,experiencia,experience,,,,
B1,Habilidades para el trabajo,MINED Inglés 9.º–10.º,Unit 1: Occupations,Lesson 1: Job skills,responsable,responsible,,,,
B1,Habilidades para el trabajo,MINED Inglés 9.º–10.º,Unit 1: Occupations,Lesson 1: Job skills,trabajador,hard-working,Han,,,
B1,Habilidades para el trabajo,MINED Inglés 9.º–10.º,Unit 1: Occupations,Lesson 1: Job skills,conocimientos de computación,computer skills,,,,
B1,Habilidades para el trabajo,MINED Inglés 9.º–10.º,Unit 1: Occupations,Lesson 1: Job skills,trabajo en equipo,teamwork,,,,
B1,Habilidades para el trabajo,MINED Inglés 9.º–10.º,Unit 1: Occupations,Lesson 1: Job skills,elegir,choose,Pik,,,
B1,Se busca personal,MINED Inglés 9.º–10.º,Unit 1: Occupations,Lesson 2: Help wanted,se busca personal,help wanted,,,,
B1,Se busca personal,MINED Inglés 9.º–10.º,Unit 1: Occupations,Lesson 2: Help wanted,anuncio de empleo,job ad,,,,
B1,Se busca personal,MINED Inglés 9.º–10.º,Unit 1: Occupations,Lesson 2: Help wanted,solicitar,apply,,,,
B1,Se busca personal,MINED Inglés 9.º–10.º,Unit 1: Occupations,Lesson 2: Help wanted,entrevista,interview,,,,
B1,Se busca personal,MINED Inglés 9.º–10.º,Unit 1: Occupations,Lesson 2: Help wanted,tiempo completo,full-time,,,,
B1,Se busca personal,MINED Inglés 9.º–10.º,Unit 1: Occupations,Lesson 2: Help wanted,medio tiempo,part-time,,,,
B1,Se busca personal,MINED Inglés 9.º–10.º,Unit 1: Occupations,Lesson 2: Help wanted,requisito,requirement,,,,
B1,Se busca personal,MINED Inglés 9.º–10.º,Unit 1: Occupations,Lesson 2: Help wanted,contratar,hire,Meek / Mek / Put,,,
B1,Lugares de trabajo,MINED Inglés 9.º–10.º,Unit 1: Occupations,Lesson 3: Places of work,aeropuerto,airport,,,,
B1,Lugares de trabajo,MINED Inglés 9.º–10.º,Unit 1: Occupations,Lesson 3: Places of work,piloto,pilot,,,,
B1,Lugares de trabajo,MINED Inglés 9.º–10.º,Unit 1: Occupations,Lesson 3: Places of work,dependiente,clerk,,,,
B1,Lugares de trabajo,MINED Inglés 9.º–10.º,Unit 1: Occupations,Lesson 3: Places of work,guía turístico,tourist guide,,,,
B1,Lugares de trabajo,MINED Inglés 9.º–10.º,Unit 1: Occupations,Lesson 3: Places of work,finca,farm,,,,
B1,Lugares de trabajo,MINED Inglés 9.º–10.º,Unit 1: Occupations,Lesson 3: Places of work,oficina,office,,,,
B1,Lugares de trabajo,MINED Inglés 9.º–10.º,Unit 1: Occupations,Lesson 3: Places of work,fábrica,factory,,,,
B1,Lugares de trabajo,MINED Inglés 9.º–10.º,Unit 1: Occupations,Lesson 3: Places of work,puerto,port,,,,
B1,Avisos y señales de seguridad,MINED Inglés 9.º–10.º,Unit 2: Work,Lesson 4: Safety warnings and signs,peligro,danger,,,,
B1,Avisos y señales de seguridad,MINED Inglés 9.º–10.º,Unit 2: Work,Lesson 4: Safety warnings and signs,advertencia,warning,,,,
B1,Avisos y señales de seguridad,MINED Inglés 9.º–10.º,Unit 2: Work,Lesson 4: Safety warnings and signs,precaución,caution,,,,
B1,Avisos y señales de seguridad,MINED Inglés 9.º–10.º,Unit 2: Work,Lesson 4: Safety warnings and signs,salida,exit,,,,
B1,Avisos y señales de seguridad,MINED Inglés 9.º–10.º,Unit 2: Work,Lesson 4: Safety warnings and signs,piso mojado,wet floor,,,,
B1,Avisos y señales de seguridad,MINED Inglés 9.º–10.º,Unit 2: Work,Lesson 4: Safety warnings and signs,seguridad,safety,,,,
B1,Avisos y señales de seguridad,MINED Inglés 9.º–10.º,Unit 2: Work,Lesson 4: Safety warnings and signs,señal,sign,,,,
B1,Avisos y señales de seguridad,MINED Inglés 9.º–10.º,Unit 2: Work,Lesson 4: Safety warnings and signs,cuidadoso,careful,Kyarfuul,,,
B1,Horarios de trabajo,MINED Inglés 9.º–10.º,Unit 2: Work,Lesson 5: Work schedules,horario,schedule,Taim,,,
B1,Horarios de trabajo,MINED Inglés 9.º–10.º,Unit 2: Work,Lesson 5: Work schedules,turno,shift,,,,
B1,Horarios de trabajo,MINED Inglés 9.º–10.º,Unit 2: Work,Lesson 5: Work schedules,día libre,day off,,,,
B1,Horarios de trabajo,MINED Inglés 9.º–10.º,Unit 2: Work,Lesson 5: Work schedules,horas extra,overtime,,,,
B1,Horarios de trabajo,MINED Inglés 9.º–10.º,Unit 2: Work,Lesson 5: Work schedules,compañero de trabajo,coworker,,,,
B1,Horarios de trabajo,MINED Inglés 9.º–10.º,Unit 2: Work,Lesson 5: Work schedules,estresante,stressful,,,,
B1,Horarios de trabajo,MINED Inglés 9.º–10.º,Unit 2: Work,Lesson 5: Work schedules,turno de la mañana,early shift,,,,
B1,Horarios de trabajo,MINED Inglés 9.º–10.º,Unit 2: Work,Lesson 5: Work schedules,fin de semana,weekend,,,,
B1,El pago del trabajo,MINED Inglés 9.º–10.º,Unit 2: Work,Lesson 6: Paychecks,cheque de pago,paycheck,,,,
B1,El pago del trabajo,MINED Inglés 9.º–10.º,Unit 2: Work,Lesson 6: Paychecks,ganar,earn,,,,
B1,El pago del trabajo,MINED Inglés 9.º–10.º,Unit 2: Work,Lesson 6: Paychecks,por hora,per hour,,,,
B1,El pago del trabajo,MINED Inglés 9.º–10.º,Unit 2: Work,Lesson 6: Paychecks,al mes,per month,,,,
B1,El pago del trabajo,MINED Inglés 9.º–10.º,Unit 2: Work,Lesson 6: Paychecks,ahorrar,save,,,,
B1,El pago del trabajo,MINED Inglés 9.º–10.º,Unit 2: Work,Lesson 6: Paychecks,gastar,spend,Pei,,,
B1,El pago del trabajo,MINED Inglés 9.º–10.º,Unit 2: Work,Lesson 6: Paychecks,impuesto,tax,,,,
B1,El pago del trabajo,MINED Inglés 9.º–10.º,Unit 2: Work,Lesson 6: Paychecks,presupuesto,budget,,,,
B1,Ubicar lugares,MINED Inglés 9.º–10.º,Unit 3: Directions,Lesson 7: Locating places,esquina,corner,,,,
B1,Ubicar lugares,MINED Inglés 9.º–10.º,Unit 3: Directions,Lesson 7: Locating places,cuadra,block,,,,
B1,Ubicar lugares,MINED Inglés 9.º–10.º,Unit 3: Directions,Lesson 7: Locating places,acera,sidewalk,,,,
B1,Ubicar lugares,MINED Inglés 9.º–10.º,Unit 3: Directions,Lesson 7: Locating places,intersección,intersection,,,,
B1,Ubicar lugares,MINED Inglés 9.º–10.º,Unit 3: Directions,Lesson 7: Locating places,puente,bridge,,,,
B1,Ubicar lugares,MINED Inglés 9.º–10.º,Unit 3: Directions,Lesson 7: Locating places,escaleras,stairs,,,,
B1,Ubicar lugares,MINED Inglés 9.º–10.º,Unit 3: Directions,Lesson 7: Locating places,peatón,pedestrian,,,,
B1,Ubicar lugares,MINED Inglés 9.º–10.º,Unit 3: Directions,Lesson 7: Locating places,carretera,highway,,,,
B1,Indicaciones para llegar,MINED Inglés 9.º–10.º,Unit 3: Directions,Lesson 8: Asking for and giving directions,cómo llego a,How do I get to,,,,
B1,Indicaciones para llegar,MINED Inglés 9.º–10.º,Unit 3: Directions,Lesson 8: Asking for and giving directions,seguir por,go along,,,,
B1,Indicaciones para llegar,MINED Inglés 9.º–10.º,Unit 3: Directions,Lesson 8: Asking for and giving directions,seguir recto,go straight,,,,
B1,Indicaciones para llegar,MINED Inglés 9.º–10.º,Unit 3: Directions,Lesson 8: Asking for and giving directions,regresar,turn back,,,,
B1,Indicaciones para llegar,MINED Inglés 9.º–10.º,Unit 3: Directions,Lesson 8: Asking for and giving directions,la dirección contraria,the opposite direction,,,,
B1,Indicaciones para llegar,MINED Inglés 9.º–10.º,Unit 3: Directions,Lesson 8: Asking for and giving directions,cruce,junction,,,,
B1,Indicaciones para llegar,MINED Inglés 9.º–10.º,Unit 3: Directions,Lesson 8: Asking for and giving directions,hacia,towards,,,,
B1,Indicaciones para llegar,MINED Inglés 9.º–10.º,Unit 3: Directions,Lesson 8: Asking for and giving directions,un solo sentido,one way,,,,
B1,Medios de transporte,MINED Inglés 9.º–10.º,Unit 4: Transportation,Lesson 9: Means of transportation,panga,panga,,,,
B1,Medios de transporte,MINED Inglés 9.º–10.º,Unit 4: Transportation,Lesson 9: Means of transportation,canoa,canoe,Duori,,,
B1,Medios de transporte,MINED Inglés 9.º–10.º,Unit 4: Transportation,Lesson 9: Means of transportation,bus,bus,,,,
B1,Medios de transporte,MINED Inglés 9.º–10.º,Unit 4: Transportation,Lesson 9: Means of transportation,camión,truck,,,,
B1,Medios de transporte,MINED Inglés 9.º–10.º,Unit 4: Transportation,Lesson 9: Means of transportation,motocicleta,motorcycle,,,,
B1,Medios de transporte,MINED Inglés 9.º–10.º,Unit 4: Transportation,Lesson 9: Means of transportation,ferry,ferry,,,,
B1,Medios de transporte,MINED Inglés 9.º–10.º,Unit 4: Transportation,Lesson 9: Means of transportation,avión,airplane,,,,
B1,Medios de transporte,MINED Inglés 9.º–10.º,Unit 4: Transportation,Lesson 9: Means of transportation,a pie,on foot,,,,
B1,Seguridad vial,MINED Inglés 9.º–10.º,Unit 4: Transportation,Lesson 10: Driving safety warnings,semáforo,traffic light,,,,
B1,Seguridad vial,MINED Inglés 9.º–10.º,Unit 4: Transportation,Lesson 10: Driving safety warnings,señal de alto,stop sign,,,,
B1,Seguridad vial,MINED Inglés 9.º–10.º,Unit 4: Transportation,Lesson 10: Driving safety warnings,límite de velocidad,speed limit,,,,
B1,Seguridad vial,MINED Inglés 9.º–10.º,Unit 4: Transportation,Lesson 10: Driving safety warnings,cinturón de seguridad,seat belt,,,,
B1,Seguridad vial,MINED Inglés 9.º–10.º,Unit 4: Transportation,Lesson 10: Driving safety warnings,conductor,driver,,,,
B1,Seguridad vial,MINED Inglés 9.º–10.º,Unit 4: Transportation,Lesson 10: Driving safety warnings,accidente,accident,,,,
B1,Seguridad vial,MINED Inglés 9.º–10.º,Unit 4: Transportation,Lesson 10: Driving safety warnings,reducir la velocidad,slow down,,,,
B1,Seguridad vial,MINED Inglés 9.º–10.º,Unit 4: Transportation,Lesson 10: Driving safety warnings,paso peatonal,crosswalk,,,,
B1,"Comparar: más que, menos que",MINED Inglés 9.º–10.º,Unit 5: Recreations,Lesson 11: Entertainment activities,más grande que,bigger than,,,,
B1,"Comparar: más que, menos que",MINED Inglés 9.º–10.º,Unit 5: Recreations,Lesson 11: Entertainment activities,más rápido que,faster than,,,,
B1,"Comparar: más que, menos que",MINED Inglés 9.º–10.º,Unit 5: Recreations,Lesson 11: Entertainment activities,más fuerte que,stronger than,,,,
B1,"Comparar: más que, menos que",MINED Inglés 9.º–10.º,Unit 5: Recreations,Lesson 11: Entertainment activities,más interesante que,more interesting than,,,,
B1,"Comparar: más que, menos que",MINED Inglés 9.º–10.º,Unit 5: Recreations,Lesson 11: Entertainment activities,mejor que,better than,,,,
B1,"Comparar: más que, menos que",MINED Inglés 9.º–10.º,Unit 5: Recreations,Lesson 11: Entertainment activities,peor que,worse than,,,,
B1,"Comparar: más que, menos que",MINED Inglés 9.º–10.º,Unit 5: Recreations,Lesson 11: Entertainment activities,el más grande,the biggest,,,,
B1,"Comparar: más que, menos que",MINED Inglés 9.º–10.º,Unit 5: Recreations,Lesson 11: Entertainment activities,tan alto como,as tall as,,,,
B1,Expresar gustos,MINED Inglés 9.º–10.º,Unit 5: Recreations,Lesson 12: Expressing likes,me gusta,I like,,,,
B1,Expresar gustos,MINED Inglés 9.º–10.º,Unit 5: Recreations,Lesson 12: Expressing likes,me encanta,I love,,,,
B1,Expresar gustos,MINED Inglés 9.º–10.º,Unit 5: Recreations,Lesson 12: Expressing likes,disfruto,I enjoy,,,,
B1,Expresar gustos,MINED Inglés 9.º–10.º,Unit 5: Recreations,Lesson 12: Expressing likes,no me molesta,I don't mind,,,,
B1,Expresar gustos,MINED Inglés 9.º–10.º,Unit 5: Recreations,Lesson 12: Expressing likes,no soporto,I can't stand,,,,
B1,Expresar gustos,MINED Inglés 9.º–10.º,Unit 5: Recreations,Lesson 12: Expressing likes,increíble,amazing,,,,
B1,Expresar gustos,MINED Inglés 9.º–10.º,Unit 5: Recreations,Lesson 12: Expressing likes,genial,awesome,,,,
B1,Expresar gustos,MINED Inglés 9.º–10.º,Unit 5: Recreations,Lesson 12: Expressing likes,surf,surfing,,,,
B1,Planes para el futuro,MINED Inglés 9.º–10.º,Unit 6: Making Plans,Lesson 13: Expressing future plans,ir a,going to,,,,
B1,Planes para el futuro,MINED Inglés 9.º–10.º,Unit 6: Making Plans,Lesson 13: Expressing future plans,esta noche,tonight,,,,
B1,Planes para el futuro,MINED Inglés 9.º–10.º,Unit 6: Making Plans,Lesson 13: Expressing future plans,mañana,tomorrow,,,,
B1,Planes para el futuro,MINED Inglés 9.º–10.º,Unit 6: Making Plans,Lesson 13: Expressing future plans,la próxima semana,next week,,,,
B1,Planes para el futuro,MINED Inglés 9.º–10.º,Unit 6: Making Plans,Lesson 13: Expressing future plans,plan,plan,,,,
B1,Planes para el futuro,MINED Inglés 9.º–10.º,Unit 6: Making Plans,Lesson 13: Expressing future plans,futuro,future,Fyuucha,,,
B1,Planes para el futuro,MINED Inglés 9.º–10.º,Unit 6: Making Plans,Lesson 13: Expressing future plans, -ré,will,,,,
B1,Planes para el futuro,MINED Inglés 9.º–10.º,Unit 6: Making Plans,Lesson 13: Expressing future plans,algún día,someday,,,,
B1,Lo que hice: el pasado,MINED Inglés 9.º–10.º,Unit 6: Making Plans,Lesson 14: Describing past activities,fui,went,gaan,,,
B1,Lo que hice: el pasado,MINED Inglés 9.º–10.º,Unit 6: Making Plans,Lesson 14: Describing past activities,visité,visited,,,,
B1,Lo que hice: el pasado,MINED Inglés 9.º–10.º,Unit 6: Making Plans,Lesson 14: Describing past activities,vi,saw,,,,
B1,Lo que hice: el pasado,MINED Inglés 9.º–10.º,Unit 6: Making Plans,Lesson 14: Describing past activities,comí,ate,,,,
B1,Lo que hice: el pasado,MINED Inglés 9.º–10.º,Unit 6: Making Plans,Lesson 14: Describing past activities,jugué,played,,,,
B1,Lo que hice: el pasado,MINED Inglés 9.º–10.º,Unit 6: Making Plans,Lesson 14: Describing past activities,ayer,yesterday,,,,
B1,Lo que hice: el pasado,MINED Inglés 9.º–10.º,Unit 6: Making Plans,Lesson 14: Describing past activities,el año pasado,last year,,,,
B1,Lo que hice: el pasado,MINED Inglés 9.º–10.º,Unit 6: Making Plans,Lesson 14: Describing past activities,hace,ago,,,,
B2,La familia extendida,MINED Inglés 9.º–10.º,Unit 1: Relationships,Lesson 1: Family,sobrino,nephew,,,,
B2,La familia extendida,MINED Inglés 9.º–10.º,Unit 1: Relationships,Lesson 1: Family,sobrina,niece,,,,
B2,La familia extendida,MINED Inglés 9.º–10.º,Unit 1: Relationships,Lesson 1: Family,primo,cousin,,,,
B2,La familia extendida,MINED Inglés 9.º–10.º,Unit 1: Relationships,Lesson 1: Family,esposo,husband,,,,
B2,La familia extendida,MINED Inglés 9.º–10.º,Unit 1: Relationships,Lesson 1: Family,esposa,wife,Waif,,,
B2,La familia extendida,MINED Inglés 9.º–10.º,Unit 1: Relationships,Lesson 1: Family,suegra,mother-in-law,,,,
B2,La familia extendida,MINED Inglés 9.º–10.º,Unit 1: Relationships,Lesson 1: Family,cuñado,brother-in-law,,,,
B2,La familia extendida,MINED Inglés 9.º–10.º,Unit 1: Relationships,Lesson 1: Family,parientes,relatives,,,,
B2,La amistad,MINED Inglés 9.º–10.º,Unit 1: Relationships,Lesson 2: Friendship,mejor amigo,best friend,,,,
B2,La amistad,MINED Inglés 9.º–10.º,Unit 1: Relationships,Lesson 2: Friendship,amigo cercano,close friend,,,,
B2,La amistad,MINED Inglés 9.º–10.º,Unit 1: Relationships,Lesson 2: Friendship,desconocido,stranger,,,,
B2,La amistad,MINED Inglés 9.º–10.º,Unit 1: Relationships,Lesson 2: Friendship,confianza,trust,,,,
B2,La amistad,MINED Inglés 9.º–10.º,Unit 1: Relationships,Lesson 2: Friendship,apoyar,support,,,,
B2,La amistad,MINED Inglés 9.º–10.º,Unit 1: Relationships,Lesson 2: Friendship,un hombro en que llorar,a shoulder to cry on,,,,
B2,La amistad,MINED Inglés 9.º–10.º,Unit 1: Relationships,Lesson 2: Friendship,llevarse bien,get along,,,,
B2,La amistad,MINED Inglés 9.º–10.º,Unit 1: Relationships,Lesson 2: Friendship,discutir,argue,,,,
B2,Relaciones sanas,MINED Inglés 9.º–10.º,Unit 1: Relationships,Lesson 3: Healthy relationships,relación,relationship,,,,
B2,Relaciones sanas,MINED Inglés 9.º–10.º,Unit 1: Relationships,Lesson 3: Healthy relationships,respeto,respect,rispek,,,
B2,Relaciones sanas,MINED Inglés 9.º–10.º,Unit 1: Relationships,Lesson 3: Healthy relationships,juntos,together,,,,
B2,Relaciones sanas,MINED Inglés 9.º–10.º,Unit 1: Relationships,Lesson 3: Healthy relationships,escucharse,listen to each other,,,,
B2,Relaciones sanas,MINED Inglés 9.º–10.º,Unit 1: Relationships,Lesson 3: Healthy relationships,estar de acuerdo,agree,,,,
B2,Relaciones sanas,MINED Inglés 9.º–10.º,Unit 1: Relationships,Lesson 3: Healthy relationships,no estar de acuerdo,disagree,,,,
B2,Relaciones sanas,MINED Inglés 9.º–10.º,Unit 1: Relationships,Lesson 3: Healthy relationships,comunicarse,communicate,,,,
B2,Relaciones sanas,MINED Inglés 9.º–10.º,Unit 1: Relationships,Lesson 3: Healthy relationships,resolver problemas,solve problems,,,,
B2,Folclor: El Güegüense,MINED Inglés 9.º–10.º,Unit 2: Culture,Lesson 4: Folklore,folclor,folklore,,,,
B2,Folclor: El Güegüense,MINED Inglés 9.º–10.º,Unit 2: Culture,Lesson 4: Folklore,obra de teatro,play,,,,
B2,Folclor: El Güegüense,MINED Inglés 9.º–10.º,Unit 2: Culture,Lesson 4: Folklore,personaje,character,,,,
B2,Folclor: El Güegüense,MINED Inglés 9.º–10.º,Unit 2: Culture,Lesson 4: Folklore,máscara,mask,,,,
B2,Folclor: El Güegüense,MINED Inglés 9.º–10.º,Unit 2: Culture,Lesson 4: Folklore,comerciante,merchant,,,,
B2,Folclor: El Güegüense,MINED Inglés 9.º–10.º,Unit 2: Culture,Lesson 4: Folklore,comedia,comedy,,,,
B2,Folclor: El Güegüense,MINED Inglés 9.º–10.º,Unit 2: Culture,Lesson 4: Folklore,tradición,tradition,tradishan,,,
B2,Folclor: El Güegüense,MINED Inglés 9.º–10.º,Unit 2: Culture,Lesson 4: Folklore,patrimonio,heritage,,,,
B2,La música,MINED Inglés 9.º–10.º,Unit 2: Culture,Lesson 5: Music,canción,song,,,,
B2,La música,MINED Inglés 9.º–10.º,Unit 2: Culture,Lesson 5: Music,cantante,singer,,,,
B2,La música,MINED Inglés 9.º–10.º,Unit 2: Culture,Lesson 5: Music,género,genre,,,,
B2,La música,MINED Inglés 9.º–10.º,Unit 2: Culture,Lesson 5: Music,ritmo,rhythm,,,,
B2,La música,MINED Inglés 9.º–10.º,Unit 2: Culture,Lesson 5: Music,guitarra,guitar,,,,
B2,La música,MINED Inglés 9.º–10.º,Unit 2: Culture,Lesson 5: Music,banda,band,,,,
B2,La música,MINED Inglés 9.º–10.º,Unit 2: Culture,Lesson 5: Music,letra,lyrics,,,,
B2,La música,MINED Inglés 9.º–10.º,Unit 2: Culture,Lesson 5: Music,concierto,concert,,,,
B2,Leyendas y supersticiones,MINED Inglés 9.º–10.º,Unit 2: Culture,Lesson 6: Nicaraguan legends and superstitions,leyenda,legend,,,,
B2,Leyendas y supersticiones,MINED Inglés 9.º–10.º,Unit 2: Culture,Lesson 6: Nicaraguan legends and superstitions,superstición,superstition,,,,
B2,Leyendas y supersticiones,MINED Inglés 9.º–10.º,Unit 2: Culture,Lesson 6: Nicaraguan legends and superstitions,fantasma,ghost,,,,
B2,Leyendas y supersticiones,MINED Inglés 9.º–10.º,Unit 2: Culture,Lesson 6: Nicaraguan legends and superstitions,aterrador,scary,,,,
B2,Leyendas y supersticiones,MINED Inglés 9.º–10.º,Unit 2: Culture,Lesson 6: Nicaraguan legends and superstitions,creer,believe,think / Tink,,,
B2,Leyendas y supersticiones,MINED Inglés 9.º–10.º,Unit 2: Culture,Lesson 6: Nicaraguan legends and superstitions,medianoche,midnight,,,,
B2,Leyendas y supersticiones,MINED Inglés 9.º–10.º,Unit 2: Culture,Lesson 6: Nicaraguan legends and superstitions,orilla del río,riverbank,,,,
B2,Leyendas y supersticiones,MINED Inglés 9.º–10.º,Unit 2: Culture,Lesson 6: Nicaraguan legends and superstitions,narrador,storyteller,,,,
B2,Movimientos sociales y derechos,MINED Inglés 9.º–10.º,Unit 3: People,Lesson 7: Social movements,derechos,rights,,,,
B2,Movimientos sociales y derechos,MINED Inglés 9.º–10.º,Unit 3: People,Lesson 7: Social movements,igualdad,equality,,,,
B2,Movimientos sociales y derechos,MINED Inglés 9.º–10.º,Unit 3: People,Lesson 7: Social movements,unidad,unity,,,,
B2,Movimientos sociales y derechos,MINED Inglés 9.º–10.º,Unit 3: People,Lesson 7: Social movements,líder,leader,,,,
B2,Movimientos sociales y derechos,MINED Inglés 9.º–10.º,Unit 3: People,Lesson 7: Social movements,luchar,struggle,strogl,,,
B2,Movimientos sociales y derechos,MINED Inglés 9.º–10.º,Unit 3: People,Lesson 7: Social movements,admirar,admire,,,,
B2,Movimientos sociales y derechos,MINED Inglés 9.º–10.º,Unit 3: People,Lesson 7: Social movements,paz,peace,,,,
B2,Movimientos sociales y derechos,MINED Inglés 9.º–10.º,Unit 3: People,Lesson 7: Social movements,libertad,freedom,,,,
B2,La personalidad,MINED Inglés 9.º–10.º,Unit 3: People,Lesson 8: Personality,valiente,brave,,,,
B2,La personalidad,MINED Inglés 9.º–10.º,Unit 3: People,Lesson 8: Personality,inteligente,clever,,,,
B2,La personalidad,MINED Inglés 9.º–10.º,Unit 3: People,Lesson 8: Personality,honesto,honest,,,,
B2,La personalidad,MINED Inglés 9.º–10.º,Unit 3: People,Lesson 8: Personality,amable,kind,Gud,,,
B2,La personalidad,MINED Inglés 9.º–10.º,Unit 3: People,Lesson 8: Personality,grosero,rude,,,,
B2,La personalidad,MINED Inglés 9.º–10.º,Unit 3: People,Lesson 8: Personality,generoso,generous,,,,
B2,La personalidad,MINED Inglés 9.º–10.º,Unit 3: People,Lesson 8: Personality,tímido,shy,,,,
B2,La personalidad,MINED Inglés 9.º–10.º,Unit 3: People,Lesson 8: Personality,paciente,patient,,,,
B2,La diversidad,MINED Inglés 9.º–10.º,Unit 3: People,Lesson 9: Diversity,diversidad,diversity,,,,
B2,La diversidad,MINED Inglés 9.º–10.º,Unit 3: People,Lesson 9: Diversity,costumbre,custom,,,,
B2,La diversidad,MINED Inglés 9.º–10.º,Unit 3: People,Lesson 9: Diversity,gesto,gesture,,,,
B2,La diversidad,MINED Inglés 9.º–10.º,Unit 3: People,Lesson 9: Diversity,diferente,different,,,,
B2,La diversidad,MINED Inglés 9.º–10.º,Unit 3: People,Lesson 9: Diversity,parecido,similar,,,,
B2,La diversidad,MINED Inglés 9.º–10.º,Unit 3: People,Lesson 9: Diversity,educado,polite,,,,
B2,La diversidad,MINED Inglés 9.º–10.º,Unit 3: People,Lesson 9: Diversity,aceptar,accept,kier / Tek,,,
B2,La diversidad,MINED Inglés 9.º–10.º,Unit 3: People,Lesson 9: Diversity,idioma,language,Langwij,,,
B2,Vacaciones,MINED Inglés 9.º–10.º,Unit 4: Tourism,Lesson 10: Vacations,viaje,trip,,,,
B2,Vacaciones,MINED Inglés 9.º–10.º,Unit 4: Tourism,Lesson 10: Vacations,llegar,arrive,Gat / Get / riich,,,
B2,Vacaciones,MINED Inglés 9.º–10.º,Unit 4: Tourism,Lesson 10: Vacations,concurrido,crowded,,,,
B2,Vacaciones,MINED Inglés 9.º–10.º,Unit 4: Tourism,Lesson 10: Vacations,recuerdo,souvenir,,,,
B2,Vacaciones,MINED Inglés 9.º–10.º,Unit 4: Tourism,Lesson 10: Vacations,postal,postcard,,,,
B2,Vacaciones,MINED Inglés 9.º–10.º,Unit 4: Tourism,Lesson 10: Vacations,turismo,sightseeing,,,,
B2,Vacaciones,MINED Inglés 9.º–10.º,Unit 4: Tourism,Lesson 10: Vacations,centro comercial,mall,,,,
B2,Vacaciones,MINED Inglés 9.º–10.º,Unit 4: Tourism,Lesson 10: Vacations,ciudad capital,capital city,,,,
B2,Sitios turísticos,MINED Inglés 9.º–10.º,Unit 4: Tourism,Lesson 11: Tourist sites,sitio turístico,tourist site,,,,
B2,Sitios turísticos,MINED Inglés 9.º–10.º,Unit 4: Tourism,Lesson 11: Tourist sites,isla,island,,,,
B2,Sitios turísticos,MINED Inglés 9.º–10.º,Unit 4: Tourism,Lesson 11: Tourist sites,laguna,lagoon,,,,
B2,Sitios turísticos,MINED Inglés 9.º–10.º,Unit 4: Tourism,Lesson 11: Tourist sites,arrecife,reef,,,,
B2,Sitios turísticos,MINED Inglés 9.º–10.º,Unit 4: Tourism,Lesson 11: Tourist sites,vista,view,Luk,,,
B2,Sitios turísticos,MINED Inglés 9.º–10.º,Unit 4: Tourism,Lesson 11: Tourist sites,alguna vez has,have you ever,,,,
B2,Sitios turísticos,MINED Inglés 9.º–10.º,Unit 4: Tourism,Lesson 11: Tourist sites,estado allí,been there,,,,
B2,Sitios turísticos,MINED Inglés 9.º–10.º,Unit 4: Tourism,Lesson 11: Tourist sites,paisaje,landscape,,,,
B2,Hacer una reservación,MINED Inglés 9.º–10.º,Unit 4: Tourism,Lesson 12: Making a reservation,reservación,reservation,,,,
B2,Hacer una reservación,MINED Inglés 9.º–10.º,Unit 4: Tourism,Lesson 12: Making a reservation,reservar,book,Buk,,,
B2,Hacer una reservación,MINED Inglés 9.º–10.º,Unit 4: Tourism,Lesson 12: Making a reservation,habitación sencilla,single room,,,,
B2,Hacer una reservación,MINED Inglés 9.º–10.º,Unit 4: Tourism,Lesson 12: Making a reservation,habitación doble,double room,,,,
B2,Hacer una reservación,MINED Inglés 9.º–10.º,Unit 4: Tourism,Lesson 12: Making a reservation,registrarse,check in,,,,
B2,Hacer una reservación,MINED Inglés 9.º–10.º,Unit 4: Tourism,Lesson 12: Making a reservation,salir del hotel,check out,,,,
B2,Hacer una reservación,MINED Inglés 9.º–10.º,Unit 4: Tourism,Lesson 12: Making a reservation,nombre completo,full name,,,,
B2,Hacer una reservación,MINED Inglés 9.º–10.º,Unit 4: Tourism,Lesson 12: Making a reservation,disponible,available,,,,
B2,Viajar,MINED Inglés 9.º–10.º,Unit 4: Tourism,Lesson 13: Travelling,viajar,travel,,,,
B2,Viajar,MINED Inglés 9.º–10.º,Unit 4: Tourism,Lesson 13: Travelling,pasajero,passenger,,,,
B2,Viajar,MINED Inglés 9.º–10.º,Unit 4: Tourism,Lesson 13: Travelling,boleto,ticket,,,,
B2,Viajar,MINED Inglés 9.º–10.º,Unit 4: Tourism,Lesson 13: Travelling,equipaje,luggage,,,,
B2,Viajar,MINED Inglés 9.º–10.º,Unit 4: Tourism,Lesson 13: Travelling,destino,destination,,,,
B2,Viajar,MINED Inglés 9.º–10.º,Unit 4: Tourism,Lesson 13: Travelling,salida,departure,,,,
B2,Viajar,MINED Inglés 9.º–10.º,Unit 4: Tourism,Lesson 13: Travelling,llegada,arrival,,,,
B2,Viajar,MINED Inglés 9.º–10.º,Unit 4: Tourism,Lesson 13: Travelling,atracción,attraction,,,,
B2,Cuidar el medio ambiente,MINED Inglés 9.º–10.º,Unit 5: Environment,"Lesson 14: Protection, conservation and preservation of the natural environment",medio ambiente,environment,,,,
B2,Cuidar el medio ambiente,MINED Inglés 9.º–10.º,Unit 5: Environment,"Lesson 14: Protection, conservation and preservation of the natural environment",proteger,protect,,,,
B2,Cuidar el medio ambiente,MINED Inglés 9.º–10.º,Unit 5: Environment,"Lesson 14: Protection, conservation and preservation of the natural environment",bosque,forest,,,,
B2,Cuidar el medio ambiente,MINED Inglés 9.º–10.º,Unit 5: Environment,"Lesson 14: Protection, conservation and preservation of the natural environment",contaminación,pollution,,,,
B2,Cuidar el medio ambiente,MINED Inglés 9.º–10.º,Unit 5: Environment,"Lesson 14: Protection, conservation and preservation of the natural environment",especie,species,,,,
B2,Cuidar el medio ambiente,MINED Inglés 9.º–10.º,Unit 5: Environment,"Lesson 14: Protection, conservation and preservation of the natural environment",sembrar árboles,plant trees,,,,
B2,Cuidar el medio ambiente,MINED Inglés 9.º–10.º,Unit 5: Environment,"Lesson 14: Protection, conservation and preservation of the natural environment",desechos,waste,,,,
B2,Cuidar el medio ambiente,MINED Inglés 9.º–10.º,Unit 5: Environment,"Lesson 14: Protection, conservation and preservation of the natural environment",conservar,conserve,,,,
B2,"La Tierra, nuestra casa común",MINED Inglés 9.º–10.º,Unit 5: Environment,Lesson 15: Universal Declaration of the Common Good of Earth and Humanity,Tierra,Earth,,,,
B2,"La Tierra, nuestra casa común",MINED Inglés 9.º–10.º,Unit 5: Environment,Lesson 15: Universal Declaration of the Common Good of Earth and Humanity,cambio climático,climate change,,,,
B2,"La Tierra, nuestra casa común",MINED Inglés 9.º–10.º,Unit 5: Environment,Lesson 15: Universal Declaration of the Common Good of Earth and Humanity,atmósfera,atmosphere,,,,
B2,"La Tierra, nuestra casa común",MINED Inglés 9.º–10.º,Unit 5: Environment,Lesson 15: Universal Declaration of the Common Good of Earth and Humanity,efecto invernadero,greenhouse effect,,,,
B2,"La Tierra, nuestra casa común",MINED Inglés 9.º–10.º,Unit 5: Environment,Lesson 15: Universal Declaration of the Common Good of Earth and Humanity,calentamiento,warming,,,,
B2,"La Tierra, nuestra casa común",MINED Inglés 9.º–10.º,Unit 5: Environment,Lesson 15: Universal Declaration of the Common Good of Earth and Humanity,bien común,common good,,,,
B2,"La Tierra, nuestra casa común",MINED Inglés 9.º–10.º,Unit 5: Environment,Lesson 15: Universal Declaration of the Common Good of Earth and Humanity,humanidad,humanity,,,,
B2,"La Tierra, nuestra casa común",MINED Inglés 9.º–10.º,Unit 5: Environment,Lesson 15: Universal Declaration of the Common Good of Earth and Humanity,generaciones futuras,future generations,,,,
B2,Desastres naturales,MINED Inglés 9.º–10.º,Unit 6: Disasters Caused by Natural Phenomena,Lesson 16: Disasters caused by natural phenomena,huracán,hurricane,Horikien,,,
B2,Desastres naturales,MINED Inglés 9.º–10.º,Unit 6: Disasters Caused by Natural Phenomena,Lesson 16: Disasters caused by natural phenomena,inundación,flood,,,,
B2,Desastres naturales,MINED Inglés 9.º–10.º,Unit 6: Disasters Caused by Natural Phenomena,Lesson 16: Disasters caused by natural phenomena,terremoto,earthquake,,,,
B2,Desastres naturales,MINED Inglés 9.º–10.º,Unit 6: Disasters Caused by Natural Phenomena,Lesson 16: Disasters caused by natural phenomena,deslave,landslide,,,,
B2,Desastres naturales,MINED Inglés 9.º–10.º,Unit 6: Disasters Caused by Natural Phenomena,Lesson 16: Disasters caused by natural phenomena,sequía,drought,,,,
B2,Desastres naturales,MINED Inglés 9.º–10.º,Unit 6: Disasters Caused by Natural Phenomena,Lesson 16: Disasters caused by natural phenomena,tormenta,storm,,,,
B2,Desastres naturales,MINED Inglés 9.º–10.º,Unit 6: Disasters Caused by Natural Phenomena,Lesson 16: Disasters caused by natural phenomena,daño,damage,,,,
B2,Desastres naturales,MINED Inglés 9.º–10.º,Unit 6: Disasters Caused by Natural Phenomena,Lesson 16: Disasters caused by natural phenomena,víctima,victim,,,,
B2,Prepararse ante desastres,MINED Inglés 9.º–10.º,Unit 6: Disasters Caused by Natural Phenomena,Lesson 17: Preparing for disasters caused by natural phenomena,emergencia,emergency,,,,
B2,Prepararse ante desastres,MINED Inglés 9.º–10.º,Unit 6: Disasters Caused by Natural Phenomena,Lesson 17: Preparing for disasters caused by natural phenomena,albergue,shelter,,,,
B2,Prepararse ante desastres,MINED Inglés 9.º–10.º,Unit 6: Disasters Caused by Natural Phenomena,Lesson 17: Preparing for disasters caused by natural phenomena,botiquín,first aid kit,,,,
B2,Prepararse ante desastres,MINED Inglés 9.º–10.º,Unit 6: Disasters Caused by Natural Phenomena,Lesson 17: Preparing for disasters caused by natural phenomena,linterna,flashlight,,,,
B2,Prepararse ante desastres,MINED Inglés 9.º–10.º,Unit 6: Disasters Caused by Natural Phenomena,Lesson 17: Preparing for disasters caused by natural phenomena,evacuar,evacuate,,,,
B2,Prepararse ante desastres,MINED Inglés 9.º–10.º,Unit 6: Disasters Caused by Natural Phenomena,Lesson 17: Preparing for disasters caused by natural phenomena,alerta,warning,,,,
B2,Prepararse ante desastres,MINED Inglés 9.º–10.º,Unit 6: Disasters Caused by Natural Phenomena,Lesson 17: Preparing for disasters caused by natural phenomena,preparar,prepare,,,,
B2,Prepararse ante desastres,MINED Inglés 9.º–10.º,Unit 6: Disasters Caused by Natural Phenomena,Lesson 17: Preparing for disasters caused by natural phenomena,agua potable,drinking water,,,,
A0,El alfabeto y mis datos,MINED Activity Book 3–4 / Inglés 7.º,Unit 1: The Alphabet,"The Alphabet — personal information, spelling, body parts",nombre,name,,,,
A0,El alfabeto y mis datos,MINED Activity Book 3–4 / Inglés 7.º,Unit 1: The Alphabet,"The Alphabet — personal information, spelling, body parts",edad,age,,,,
A0,El alfabeto y mis datos,MINED Activity Book 3–4 / Inglés 7.º,Unit 1: The Alphabet,"The Alphabet — personal information, spelling, body parts",número de teléfono,phone number,,,,
A0,El alfabeto y mis datos,MINED Activity Book 3–4 / Inglés 7.º,Unit 1: The Alphabet,"The Alphabet — personal information, spelling, body parts",aula,classroom,,,,
A0,El alfabeto y mis datos,MINED Activity Book 3–4 / Inglés 7.º,Unit 1: The Alphabet,"The Alphabet — personal information, spelling, body parts",letra,letter,,,,
A0,El alfabeto y mis datos,MINED Activity Book 3–4 / Inglés 7.º,Unit 1: The Alphabet,"The Alphabet — personal information, spelling, body parts",deletrear,spell,,,,
A0,El alfabeto y mis datos,MINED Activity Book 3–4 / Inglés 7.º,Unit 1: The Alphabet,"The Alphabet — personal information, spelling, body parts",cabeza,head,Ed / Hed,,,
A0,El alfabeto y mis datos,MINED Activity Book 3–4 / Inglés 7.º,Unit 1: The Alphabet,"The Alphabet — personal information, spelling, body parts",mano,hand,Han,,,
A0,¡Hagámoslo! Órdenes sencillas,MINED Activity Book 3–4 / Inglés 7.º,Unit 2: Let's do it,Let's do it — imperative verbs and parts of the room,saltar,jump,,,,
A0,¡Hagámoslo! Órdenes sencillas,MINED Activity Book 3–4 / Inglés 7.º,Unit 2: Let's do it,Let's do it — imperative verbs and parts of the room,correr,run,,,,
A0,¡Hagámoslo! Órdenes sencillas,MINED Activity Book 3–4 / Inglés 7.º,Unit 2: Let's do it,Let's do it — imperative verbs and parts of the room,caminar,walk,,,,
A0,¡Hagámoslo! Órdenes sencillas,MINED Activity Book 3–4 / Inglés 7.º,Unit 2: Let's do it,Let's do it — imperative verbs and parts of the room,tocar,touch,,,,
A0,¡Hagámoslo! Órdenes sencillas,MINED Activity Book 3–4 / Inglés 7.º,Unit 2: Let's do it,Let's do it — imperative verbs and parts of the room,piso,floor,,,,
A0,¡Hagámoslo! Órdenes sencillas,MINED Activity Book 3–4 / Inglés 7.º,Unit 2: Let's do it,Let's do it — imperative verbs and parts of the room,pared,wall,,,,
A0,¡Hagámoslo! Órdenes sencillas,MINED Activity Book 3–4 / Inglés 7.º,Unit 2: Let's do it,Let's do it — imperative verbs and parts of the room,puerta,door,Doa,,,
A0,¡Hagámoslo! Órdenes sencillas,MINED Activity Book 3–4 / Inglés 7.º,Unit 2: Let's do it,Let's do it — imperative verbs and parts of the room,ventana,window,,,,
A0,Quiero ser… Profesiones,MINED Activity Book 3–4 / Inglés 7.º,Unit 3: I want to be a/an...,I want to be a/an... — professions and the verb to be,maestro,teacher,Teetsha / Tiicha,,,
A0,Quiero ser… Profesiones,MINED Activity Book 3–4 / Inglés 7.º,Unit 3: I want to be a/an...,I want to be a/an... — professions and the verb to be,doctor,doctor,Dakta,,,
A0,Quiero ser… Profesiones,MINED Activity Book 3–4 / Inglés 7.º,Unit 3: I want to be a/an...,I want to be a/an... — professions and the verb to be,enfermera,nurse,,,,
A0,Quiero ser… Profesiones,MINED Activity Book 3–4 / Inglés 7.º,Unit 3: I want to be a/an...,I want to be a/an... — professions and the verb to be,agricultor,farmer,,,,
A0,Quiero ser… Profesiones,MINED Activity Book 3–4 / Inglés 7.º,Unit 3: I want to be a/an...,I want to be a/an... — professions and the verb to be,pescador,fisherman,,,,
A0,Quiero ser… Profesiones,MINED Activity Book 3–4 / Inglés 7.º,Unit 3: I want to be a/an...,I want to be a/an... — professions and the verb to be,policía,police officer,,,,
A0,Quiero ser… Profesiones,MINED Activity Book 3–4 / Inglés 7.º,Unit 3: I want to be a/an...,I want to be a/an... — professions and the verb to be,bombero,firefighter,,,,
A0,Quiero ser… Profesiones,MINED Activity Book 3–4 / Inglés 7.º,Unit 3: I want to be a/an...,I want to be a/an... — professions and the verb to be,cocinero,cook,,,,
A0,En la escuela: tengo y tiene,MINED Activity Book 3–4 / Inglés 7.º,Unit 4: At School,"At School — school supplies, have / has",mochila,backpack,,,,
A0,En la escuela: tengo y tiene,MINED Activity Book 3–4 / Inglés 7.º,Unit 4: At School,"At School — school supplies, have / has",cuaderno,notebook,Kwaiye,,,
A0,En la escuela: tengo y tiene,MINED Activity Book 3–4 / Inglés 7.º,Unit 4: At School,"At School — school supplies, have / has",lápiz,pencil,Pensil,,,
A0,En la escuela: tengo y tiene,MINED Activity Book 3–4 / Inglés 7.º,Unit 4: At School,"At School — school supplies, have / has",borrador,eraser,,,,
A0,En la escuela: tengo y tiene,MINED Activity Book 3–4 / Inglés 7.º,Unit 4: At School,"At School — school supplies, have / has",regla,ruler,,,,
A0,En la escuela: tengo y tiene,MINED Activity Book 3–4 / Inglés 7.º,Unit 4: At School,"At School — school supplies, have / has",crayón,crayon,,,,
A0,En la escuela: tengo y tiene,MINED Activity Book 3–4 / Inglés 7.º,Unit 4: At School,"At School — school supplies, have / has",tijeras,scissors,,,,
A0,En la escuela: tengo y tiene,MINED Activity Book 3–4 / Inglés 7.º,Unit 4: At School,"At School — school supplies, have / has",pegamento,glue,,,,
A0,Mis juguetes,MINED Activity Book 3–4 / Inglés 7.º,Unit 5: My toys,"My toys — toys, do / does have",juguete,toy,,,,
A0,Mis juguetes,MINED Activity Book 3–4 / Inglés 7.º,Unit 5: My toys,"My toys — toys, do / does have",pelota,ball,,,,
A0,Mis juguetes,MINED Activity Book 3–4 / Inglés 7.º,Unit 5: My toys,"My toys — toys, do / does have",muñeca,doll,,,,
A0,Mis juguetes,MINED Activity Book 3–4 / Inglés 7.º,Unit 5: My toys,"My toys — toys, do / does have",papalote,kite,,,,
A0,Mis juguetes,MINED Activity Book 3–4 / Inglés 7.º,Unit 5: My toys,"My toys — toys, do / does have",rompecabezas,puzzle,,,,
A0,Mis juguetes,MINED Activity Book 3–4 / Inglés 7.º,Unit 5: My toys,"My toys — toys, do / does have",patineta,skateboard,,,,
A0,Mis juguetes,MINED Activity Book 3–4 / Inglés 7.º,Unit 5: My toys,"My toys — toys, do / does have",bicicleta,bicycle,,,,
A0,Mis juguetes,MINED Activity Book 3–4 / Inglés 7.º,Unit 5: My toys,"My toys — toys, do / does have",videojuego,video game,,,,
A0,Sentimientos y apariencia,MINED Activity Book 3–4 / Inglés 7.º,Unit 6: Feelings and appearance,Feelings and appearance — adjectives,feliz,happy,Hapi,,,
A0,Sentimientos y apariencia,MINED Activity Book 3–4 / Inglés 7.º,Unit 6: Feelings and appearance,Feelings and appearance — adjectives,triste,sad,,,,
A0,Sentimientos y apariencia,MINED Activity Book 3–4 / Inglés 7.º,Unit 6: Feelings and appearance,Feelings and appearance — adjectives,limpio,clean,,,,
A0,Sentimientos y apariencia,MINED Activity Book 3–4 / Inglés 7.º,Unit 6: Feelings and appearance,Feelings and appearance — adjectives,sucio,dirty,,,,
A0,Sentimientos y apariencia,MINED Activity Book 3–4 / Inglés 7.º,Unit 6: Feelings and appearance,Feelings and appearance — adjectives,grande,big,Big,,,
A0,Sentimientos y apariencia,MINED Activity Book 3–4 / Inglés 7.º,Unit 6: Feelings and appearance,Feelings and appearance — adjectives,pequeño,small,Likl,,,
A0,Sentimientos y apariencia,MINED Activity Book 3–4 / Inglés 7.º,Unit 6: Feelings and appearance,Feelings and appearance — adjectives,alto,tall,,,,
A0,Sentimientos y apariencia,MINED Activity Book 3–4 / Inglés 7.º,Unit 6: Feelings and appearance,Feelings and appearance — adjectives,bajo,short,,,,
A0,Los animales del zoológico,MINED Activity Book 3–4 / Inglés 7.º,Unit 7: Animals (zoo),Animals at the zoo — describing animals,serpiente,snake,,,,
A0,Los animales del zoológico,MINED Activity Book 3–4 / Inglés 7.º,Unit 7: Animals (zoo),Animals at the zoo — describing animals,loro,parrot,,,,
A0,Los animales del zoológico,MINED Activity Book 3–4 / Inglés 7.º,Unit 7: Animals (zoo),Animals at the zoo — describing animals,mono,monkey,Monki,,,
A0,Los animales del zoológico,MINED Activity Book 3–4 / Inglés 7.º,Unit 7: Animals (zoo),Animals at the zoo — describing animals,cebra,zebra,,,,
A0,Los animales del zoológico,MINED Activity Book 3–4 / Inglés 7.º,Unit 7: Animals (zoo),Animals at the zoo — describing animals,elefante,elephant,,,,
A0,Los animales del zoológico,MINED Activity Book 3–4 / Inglés 7.º,Unit 7: Animals (zoo),Animals at the zoo — describing animals,rápido,fast,,,,
A0,Los animales del zoológico,MINED Activity Book 3–4 / Inglés 7.º,Unit 7: Animals (zoo),Animals at the zoo — describing animals,fuerte,strong,shrang,,,
A0,Los animales del zoológico,MINED Activity Book 3–4 / Inglés 7.º,Unit 7: Animals (zoo),Animals at the zoo — describing animals,colorido,colorful,,,,
A0,Las materias de la escuela,MINED Activity Book 3–4 / Inglés 7.º,Unit 8: School Subject,School subjects — favorite subjects,matemáticas,math,,,,
A0,Las materias de la escuela,MINED Activity Book 3–4 / Inglés 7.º,Unit 8: School Subject,School subjects — favorite subjects,ciencias,science,,,,
A0,Las materias de la escuela,MINED Activity Book 3–4 / Inglés 7.º,Unit 8: School Subject,School subjects — favorite subjects,inglés,English,Inglish,,,
A0,Las materias de la escuela,MINED Activity Book 3–4 / Inglés 7.º,Unit 8: School Subject,School subjects — favorite subjects,español,Spanish,Spanish,,,
A0,Las materias de la escuela,MINED Activity Book 3–4 / Inglés 7.º,Unit 8: School Subject,School subjects — favorite subjects,arte,art,,,,
A0,Las materias de la escuela,MINED Activity Book 3–4 / Inglés 7.º,Unit 8: School Subject,School subjects — favorite subjects,música,music,,,,
A0,Las materias de la escuela,MINED Activity Book 3–4 / Inglés 7.º,Unit 8: School Subject,School subjects — favorite subjects,historia,history,,,,
A0,Las materias de la escuela,MINED Activity Book 3–4 / Inglés 7.º,Unit 8: School Subject,School subjects — favorite subjects,materia,subject,,,,
A0,Lugares de mi comunidad,MINED Activity Book 3–4 / Inglés 7.º,Unit 9: Places,Places in town — describing places,hospital,hospital,,,,
A0,Lugares de mi comunidad,MINED Activity Book 3–4 / Inglés 7.º,Unit 9: Places,Places in town — describing places,escuela,school,Skuul,,,
A0,Lugares de mi comunidad,MINED Activity Book 3–4 / Inglés 7.º,Unit 9: Places,Places in town — describing places,parque,park,,,,
A0,Lugares de mi comunidad,MINED Activity Book 3–4 / Inglés 7.º,Unit 9: Places,Places in town — describing places,estación de bomberos,fire station,,,,
A0,Lugares de mi comunidad,MINED Activity Book 3–4 / Inglés 7.º,Unit 9: Places,Places in town — describing places,juguetería,toy store,,,,
A0,Lugares de mi comunidad,MINED Activity Book 3–4 / Inglés 7.º,Unit 9: Places,Places in town — describing places,cine,movie theater,,,,
A0,Lugares de mi comunidad,MINED Activity Book 3–4 / Inglés 7.º,Unit 9: Places,Places in town — describing places,iglesia,church,Hous,,,
A0,Lugares de mi comunidad,MINED Activity Book 3–4 / Inglés 7.º,Unit 9: Places,Places in town — describing places,mercado,market,Maakit,,,
A1,Días especiales,MINED Activity Book 3–4 / Inglés 7.º,Unit 1: Special Days,Special Days — holidays and celebrations,cumpleaños,birthday,,,,
A1,Días especiales,MINED Activity Book 3–4 / Inglés 7.º,Unit 1: Special Days,Special Days — holidays and celebrations,Navidad,Christmas,,,,
A1,Días especiales,MINED Activity Book 3–4 / Inglés 7.º,Unit 1: Special Days,Special Days — holidays and celebrations,Semana Santa,Easter,,,,
A1,Días especiales,MINED Activity Book 3–4 / Inglés 7.º,Unit 1: Special Days,Special Days — holidays and celebrations,Día de las Madres,Mother's Day,,,,
A1,Días especiales,MINED Activity Book 3–4 / Inglés 7.º,Unit 1: Special Days,Special Days — holidays and celebrations,Día del Padre,Father's Day,,,,
A1,Días especiales,MINED Activity Book 3–4 / Inglés 7.º,Unit 1: Special Days,Special Days — holidays and celebrations,Día de la Independencia,Independence Day,,,,
A1,Días especiales,MINED Activity Book 3–4 / Inglés 7.º,Unit 1: Special Days,Special Days — holidays and celebrations,celebrar,celebrate,,,,
A1,Días especiales,MINED Activity Book 3–4 / Inglés 7.º,Unit 1: Special Days,Special Days — holidays and celebrations,regalo,gift,,,,
A1,El clima y la ropa,MINED Activity Book 3–4 / Inglés 7.º,Unit 2: The Weather,The Weather — weather and clothes,soleado,sunny,,,,
A1,El clima y la ropa,MINED Activity Book 3–4 / Inglés 7.º,Unit 2: The Weather,The Weather — weather and clothes,lluvioso,rainy,,,,
A1,El clima y la ropa,MINED Activity Book 3–4 / Inglés 7.º,Unit 2: The Weather,The Weather — weather and clothes,nublado,cloudy,,,,
A1,El clima y la ropa,MINED Activity Book 3–4 / Inglés 7.º,Unit 2: The Weather,The Weather — weather and clothes,ventoso,windy,,,,
A1,El clima y la ropa,MINED Activity Book 3–4 / Inglés 7.º,Unit 2: The Weather,The Weather — weather and clothes,caluroso,hot,Hat,,,
A1,El clima y la ropa,MINED Activity Book 3–4 / Inglés 7.º,Unit 2: The Weather,The Weather — weather and clothes,frío,cold,kool,,,
A1,El clima y la ropa,MINED Activity Book 3–4 / Inglés 7.º,Unit 2: The Weather,The Weather — weather and clothes,paraguas,umbrella,,,,
A1,El clima y la ropa,MINED Activity Book 3–4 / Inglés 7.º,Unit 2: The Weather,The Weather — weather and clothes,suéter,sweater,,,,
A1,Tiempo libre,MINED Activity Book 3–4 / Inglés 7.º,Unit 3: Leisure time,"Leisure time — free-time activities, can",jugar fútbol,play soccer,,,,
A1,Tiempo libre,MINED Activity Book 3–4 / Inglés 7.º,Unit 3: Leisure time,"Leisure time — free-time activities, can",cantar,sing,sing,,,
A1,Tiempo libre,MINED Activity Book 3–4 / Inglés 7.º,Unit 3: Leisure time,"Leisure time — free-time activities, can",bailar,dance,,,,
A1,Tiempo libre,MINED Activity Book 3–4 / Inglés 7.º,Unit 3: Leisure time,"Leisure time — free-time activities, can",patinar,skate,,,,
A1,Tiempo libre,MINED Activity Book 3–4 / Inglés 7.º,Unit 3: Leisure time,"Leisure time — free-time activities, can",dibujar,draw,,,,
A1,Tiempo libre,MINED Activity Book 3–4 / Inglés 7.º,Unit 3: Leisure time,"Leisure time — free-time activities, can",leer,read,Riid,,,
A1,Tiempo libre,MINED Activity Book 3–4 / Inglés 7.º,Unit 3: Leisure time,"Leisure time — free-time activities, can",reír,laugh,,,,
A1,Tiempo libre,MINED Activity Book 3–4 / Inglés 7.º,Unit 3: Leisure time,"Leisure time — free-time activities, can",tiempo libre,free time,,,,
A1,De vacaciones en la playa,MINED Activity Book 3–4 / Inglés 7.º,Unit 4: On vacation time,"On vacation time — at the beach, action verbs",vacaciones,vacation,vakiezhan,,,
A1,De vacaciones en la playa,MINED Activity Book 3–4 / Inglés 7.º,Unit 4: On vacation time,"On vacation time — at the beach, action verbs",playa,beach,,,,
A1,De vacaciones en la playa,MINED Activity Book 3–4 / Inglés 7.º,Unit 4: On vacation time,"On vacation time — at the beach, action verbs",océano,ocean,,,,
A1,De vacaciones en la playa,MINED Activity Book 3–4 / Inglés 7.º,Unit 4: On vacation time,"On vacation time — at the beach, action verbs",nadar,swim,,,,
A1,De vacaciones en la playa,MINED Activity Book 3–4 / Inglés 7.º,Unit 4: On vacation time,"On vacation time — at the beach, action verbs",castillo de arena,sandcastle,,,,
A1,De vacaciones en la playa,MINED Activity Book 3–4 / Inglés 7.º,Unit 4: On vacation time,"On vacation time — at the beach, action verbs",dormir,sleep,,,,
A1,De vacaciones en la playa,MINED Activity Book 3–4 / Inglés 7.º,Unit 4: On vacation time,"On vacation time — at the beach, action verbs",comprar,buy,kier / Tek,,,
A1,De vacaciones en la playa,MINED Activity Book 3–4 / Inglés 7.º,Unit 4: On vacation time,"On vacation time — at the beach, action verbs",concha,shell,,,,
A1,¿Qué estás haciendo?,MINED Activity Book 3–4 / Inglés 7.º,Unit 5: On vacation time,"On vacation time — activities at home, present continuous",hacer la tarea,do homework,,,,
A1,¿Qué estás haciendo?,MINED Activity Book 3–4 / Inglés 7.º,Unit 5: On vacation time,"On vacation time — activities at home, present continuous",ver televisión,watch television,,,,
A1,¿Qué estás haciendo?,MINED Activity Book 3–4 / Inglés 7.º,Unit 5: On vacation time,"On vacation time — activities at home, present continuous",escuchar música,listen to music,,,,
A1,¿Qué estás haciendo?,MINED Activity Book 3–4 / Inglés 7.º,Unit 5: On vacation time,"On vacation time — activities at home, present continuous",limpiar tu cuarto,clean your room,,,,
A1,¿Qué estás haciendo?,MINED Activity Book 3–4 / Inglés 7.º,Unit 5: On vacation time,"On vacation time — activities at home, present continuous",llamar a un amigo,call a friend,,,,
A1,¿Qué estás haciendo?,MINED Activity Book 3–4 / Inglés 7.º,Unit 5: On vacation time,"On vacation time — activities at home, present continuous",regar una planta,water a plant,,,,
A1,¿Qué estás haciendo?,MINED Activity Book 3–4 / Inglés 7.º,Unit 5: On vacation time,"On vacation time — activities at home, present continuous",preparar una merienda,make a snack,,,,
A1,¿Qué estás haciendo?,MINED Activity Book 3–4 / Inglés 7.º,Unit 5: On vacation time,"On vacation time — activities at home, present continuous",andar en bicicleta,ride a bicycle,,,,
A1,Cuidar la salud,MINED Activity Book 3–4 / Inglés 7.º,Unit 6: Taking Care,Taking care — health and hygiene,lavarse las manos,wash your hands,,,,
A1,Cuidar la salud,MINED Activity Book 3–4 / Inglés 7.º,Unit 6: Taking Care,Taking care — health and hygiene,cepillarse los dientes,brush your teeth,,,,
A1,Cuidar la salud,MINED Activity Book 3–4 / Inglés 7.º,Unit 6: Taking Care,Taking care — health and hygiene,bañarse,take a shower,Haf / Hav,,,
A1,Cuidar la salud,MINED Activity Book 3–4 / Inglés 7.º,Unit 6: Taking Care,Taking care — health and hygiene,fiebre,fever,,,,
A1,Cuidar la salud,MINED Activity Book 3–4 / Inglés 7.º,Unit 6: Taking Care,Taking care — health and hygiene,dolor de cabeza,headache,,,,
A1,Cuidar la salud,MINED Activity Book 3–4 / Inglés 7.º,Unit 6: Taking Care,Taking care — health and hygiene,medicina,medicine,,,,
A1,Cuidar la salud,MINED Activity Book 3–4 / Inglés 7.º,Unit 6: Taking Care,Taking care — health and hygiene,descansar,rest,,,,
A1,Cuidar la salud,MINED Activity Book 3–4 / Inglés 7.º,Unit 6: Taking Care,Taking care — health and hygiene,saludable,healthy,,,,
A1,En el restaurante,MINED Activity Book 3–4 / Inglés 7.º,Unit 7: At The Restaurant,"At the restaurant — food and drinks, ordering",leche,milk,,,,
A1,En el restaurante,MINED Activity Book 3–4 / Inglés 7.º,Unit 7: At The Restaurant,"At the restaurant — food and drinks, ordering",limonada,lemonade,,,,
A1,En el restaurante,MINED Activity Book 3–4 / Inglés 7.º,Unit 7: At The Restaurant,"At the restaurant — food and drinks, ordering",jugo,juice,,,,
A1,En el restaurante,MINED Activity Book 3–4 / Inglés 7.º,Unit 7: At The Restaurant,"At the restaurant — food and drinks, ordering",ensalada,salad,,,,
A1,En el restaurante,MINED Activity Book 3–4 / Inglés 7.º,Unit 7: At The Restaurant,"At the restaurant — food and drinks, ordering",sándwich,sandwich,,,,
A1,En el restaurante,MINED Activity Book 3–4 / Inglés 7.º,Unit 7: At The Restaurant,"At the restaurant — food and drinks, ordering",menú,menu,,,,
A1,En el restaurante,MINED Activity Book 3–4 / Inglés 7.º,Unit 7: At The Restaurant,"At the restaurant — food and drinks, ordering",mesero,waiter,,,,
A1,En el restaurante,MINED Activity Book 3–4 / Inglés 7.º,Unit 7: At The Restaurant,"At the restaurant — food and drinks, ordering",pedir,order,Aks / Buk,,,
A1,La fiesta y el concierto,MINED Activity Book 3–4 / Inglés 7.º,Unit 8: The Concert,The concert / party — party vocabulary,fiesta,party,,,,
A1,La fiesta y el concierto,MINED Activity Book 3–4 / Inglés 7.º,Unit 8: The Concert,The concert / party — party vocabulary,banda,band,,,,
A1,La fiesta y el concierto,MINED Activity Book 3–4 / Inglés 7.º,Unit 8: The Concert,The concert / party — party vocabulary,invitación,invitation,,,,
A1,La fiesta y el concierto,MINED Activity Book 3–4 / Inglés 7.º,Unit 8: The Concert,The concert / party — party vocabulary,globo,balloon,,,,
A1,La fiesta y el concierto,MINED Activity Book 3–4 / Inglés 7.º,Unit 8: The Concert,The concert / party — party vocabulary,fuegos artificiales,fireworks,,,,
A1,La fiesta y el concierto,MINED Activity Book 3–4 / Inglés 7.º,Unit 8: The Concert,The concert / party — party vocabulary,pastel,cake,,,,
A1,La fiesta y el concierto,MINED Activity Book 3–4 / Inglés 7.º,Unit 8: The Concert,The concert / party — party vocabulary,velas,candles,,,,
A1,La fiesta y el concierto,MINED Activity Book 3–4 / Inglés 7.º,Unit 8: The Concert,The concert / party — party vocabulary,dulces,candy,,,,
A1,Momentos del día,MINED Activity Book 3–4 / Inglés 7.º,Unit 9: The Time,The time — times of the day,mañana,morning,,,,
A1,Momentos del día,MINED Activity Book 3–4 / Inglés 7.º,Unit 9: The Time,The time — times of the day,tarde,afternoon,,,,
A1,Momentos del día,MINED Activity Book 3–4 / Inglés 7.º,Unit 9: The Time,The time — times of the day,anochecer,evening,,,,
A1,Momentos del día,MINED Activity Book 3–4 / Inglés 7.º,Unit 9: The Time,The time — times of the day,noche,night,,,,
A1,Momentos del día,MINED Activity Book 3–4 / Inglés 7.º,Unit 9: The Time,The time — times of the day,mediodía,noon,,,,
A1,Momentos del día,MINED Activity Book 3–4 / Inglés 7.º,Unit 9: The Time,The time — times of the day,medianoche,midnight,,,,
A1,Momentos del día,MINED Activity Book 3–4 / Inglés 7.º,Unit 9: The Time,The time — times of the day,temprano,early,,,,
A1,Momentos del día,MINED Activity Book 3–4 / Inglés 7.º,Unit 9: The Time,The time — times of the day,tarde,late,,,,
A1,Instrucciones en el aula,MINED Activity Book 3–4 / Inglés 7.º,Unit 1: The Classroom,Lesson 2: Classroom instructions,abrir,open,,,,
A1,Instrucciones en el aula,MINED Activity Book 3–4 / Inglés 7.º,Unit 1: The Classroom,Lesson 2: Classroom instructions,cerrar,close,,,,
A1,Instrucciones en el aula,MINED Activity Book 3–4 / Inglés 7.º,Unit 1: The Classroom,Lesson 2: Classroom instructions,escuchar,listen,,,,
A1,Instrucciones en el aula,MINED Activity Book 3–4 / Inglés 7.º,Unit 1: The Classroom,Lesson 2: Classroom instructions,repetir,repeat,,,,
A1,Instrucciones en el aula,MINED Activity Book 3–4 / Inglés 7.º,Unit 1: The Classroom,Lesson 2: Classroom instructions,sentarse,sit down,Sit,,,
A1,Instrucciones en el aula,MINED Activity Book 3–4 / Inglés 7.º,Unit 1: The Classroom,Lesson 2: Classroom instructions,ponerse de pie,stand up,,,,
A1,Instrucciones en el aula,MINED Activity Book 3–4 / Inglés 7.º,Unit 1: The Classroom,Lesson 2: Classroom instructions,escribir,write,Rait,,,
A1,Instrucciones en el aula,MINED Activity Book 3–4 / Inglés 7.º,Unit 1: The Classroom,Lesson 2: Classroom instructions,levantar la mano,raise your hand,,,,
A1,Los artículos a y an,MINED Activity Book 3–4 / Inglés 7.º,Unit 1: The Classroom,Lesson 4: Articles a / an,un libro,a book,,,,
A1,Los artículos a y an,MINED Activity Book 3–4 / Inglés 7.º,Unit 1: The Classroom,Lesson 4: Articles a / an,una manzana,an apple,,,,
A1,Los artículos a y an,MINED Activity Book 3–4 / Inglés 7.º,Unit 1: The Classroom,Lesson 4: Articles a / an,un borrador,an eraser,,,,
A1,Los artículos a y an,MINED Activity Book 3–4 / Inglés 7.º,Unit 1: The Classroom,Lesson 4: Articles a / an,un pupitre,a desk,,,,
A1,Los artículos a y an,MINED Activity Book 3–4 / Inglés 7.º,Unit 1: The Classroom,Lesson 4: Articles a / an,una naranja,an orange,,,,
A1,Los artículos a y an,MINED Activity Book 3–4 / Inglés 7.º,Unit 1: The Classroom,Lesson 4: Articles a / an,una silla,a chair,,,,
A1,Los artículos a y an,MINED Activity Book 3–4 / Inglés 7.º,Unit 1: The Classroom,Lesson 4: Articles a / an,un paraguas,an umbrella,,,,
A1,Los artículos a y an,MINED Activity Book 3–4 / Inglés 7.º,Unit 1: The Classroom,Lesson 4: Articles a / an,un lapicero,a pen,,,,
A1,El alfabeto en inglés,MINED Activity Book 3–4 / Inglés 7.º,Unit 2: Personal Information,Lesson 6: The alphabet,alfabeto,alphabet,,,,
A1,El alfabeto en inglés,MINED Activity Book 3–4 / Inglés 7.º,Unit 2: Personal Information,Lesson 6: The alphabet,letra,letter,,,,
A1,El alfabeto en inglés,MINED Activity Book 3–4 / Inglés 7.º,Unit 2: Personal Information,Lesson 6: The alphabet,vocal,vowel,,,,
A1,El alfabeto en inglés,MINED Activity Book 3–4 / Inglés 7.º,Unit 2: Personal Information,Lesson 6: The alphabet,consonante,consonant,,,,
A1,El alfabeto en inglés,MINED Activity Book 3–4 / Inglés 7.º,Unit 2: Personal Information,Lesson 6: The alphabet,letra mayúscula,capital letter,,,,
A1,El alfabeto en inglés,MINED Activity Book 3–4 / Inglés 7.º,Unit 2: Personal Information,Lesson 6: The alphabet,deletrear,spell,,,,
A1,El alfabeto en inglés,MINED Activity Book 3–4 / Inglés 7.º,Unit 2: Personal Information,Lesson 6: The alphabet,palabra,word,,,,
A1,El alfabeto en inglés,MINED Activity Book 3–4 / Inglés 7.º,Unit 2: Personal Information,Lesson 6: The alphabet,nombre,first name,,,,
A1,Presentarse,MINED Activity Book 3–4 / Inglés 7.º,Unit 2: Personal Information,Lesson 7: Introductions,hola,hello,,,,
A1,Presentarse,MINED Activity Book 3–4 / Inglés 7.º,Unit 2: Personal Information,Lesson 7: Introductions,mucho gusto,nice to meet you,,,,
A1,Presentarse,MINED Activity Book 3–4 / Inglés 7.º,Unit 2: Personal Information,Lesson 7: Introductions,me llamo,my name is,,,,
A1,Presentarse,MINED Activity Book 3–4 / Inglés 7.º,Unit 2: Personal Information,Lesson 7: Introductions,soy de,I'm from,,,,
A1,Presentarse,MINED Activity Book 3–4 / Inglés 7.º,Unit 2: Personal Information,Lesson 7: Introductions,amigo,friend,Frien / Parner,,,
A1,Presentarse,MINED Activity Book 3–4 / Inglés 7.º,Unit 2: Personal Information,Lesson 7: Introductions,compañero de clase,classmate,,,,
A1,Presentarse,MINED Activity Book 3–4 / Inglés 7.º,Unit 2: Personal Information,Lesson 7: Introductions,presentar,introduce,Gi / Giv / Put,,,
A1,Presentarse,MINED Activity Book 3–4 / Inglés 7.º,Unit 2: Personal Information,Lesson 7: Introductions,adiós,goodbye,,,,
A1,Mi dirección,MINED Activity Book 3–4 / Inglés 7.º,Unit 2: Personal Information,Lesson 8: Addresses,dirección,address,,,,
A1,Mi dirección,MINED Activity Book 3–4 / Inglés 7.º,Unit 2: Personal Information,Lesson 8: Addresses,calle,street,,,,
A1,Mi dirección,MINED Activity Book 3–4 / Inglés 7.º,Unit 2: Personal Information,Lesson 8: Addresses,barrio,neighborhood,,,,
A1,Mi dirección,MINED Activity Book 3–4 / Inglés 7.º,Unit 2: Personal Information,Lesson 8: Addresses,pueblo,town,Piipl,,,
A1,Mi dirección,MINED Activity Book 3–4 / Inglés 7.º,Unit 2: Personal Information,Lesson 8: Addresses,ciudad,city,,,,
A1,Mi dirección,MINED Activity Book 3–4 / Inglés 7.º,Unit 2: Personal Information,Lesson 8: Addresses,vivir,live,,,,
A1,Mi dirección,MINED Activity Book 3–4 / Inglés 7.º,Unit 2: Personal Information,Lesson 8: Addresses,al lado de,next to,,,,
A1,Mi dirección,MINED Activity Book 3–4 / Inglés 7.º,Unit 2: Personal Information,Lesson 8: Addresses,enfrente de,across from,,,,
A1,Trabajos de mi pueblo,MINED Activity Book 3–4 / Inglés 7.º,Unit 2: Personal Information,Lesson 10: Popular jobs in my town,trabajo,job,Work,,,
A1,Trabajos de mi pueblo,MINED Activity Book 3–4 / Inglés 7.º,Unit 2: Personal Information,Lesson 10: Popular jobs in my town,carpintero,carpenter,,,,
A1,Trabajos de mi pueblo,MINED Activity Book 3–4 / Inglés 7.º,Unit 2: Personal Information,Lesson 10: Popular jobs in my town,mecánico,mechanic,,,,
A1,Trabajos de mi pueblo,MINED Activity Book 3–4 / Inglés 7.º,Unit 2: Personal Information,Lesson 10: Popular jobs in my town,panadero,baker,,,,
A1,Trabajos de mi pueblo,MINED Activity Book 3–4 / Inglés 7.º,Unit 2: Personal Information,Lesson 10: Popular jobs in my town,conductor,driver,,,,
A1,Trabajos de mi pueblo,MINED Activity Book 3–4 / Inglés 7.º,Unit 2: Personal Information,Lesson 10: Popular jobs in my town,vendedor,seller,,,,
A1,Trabajos de mi pueblo,MINED Activity Book 3–4 / Inglés 7.º,Unit 2: Personal Information,Lesson 10: Popular jobs in my town,trabajar,work,Wook,,,
A1,Trabajos de mi pueblo,MINED Activity Book 3–4 / Inglés 7.º,Unit 2: Personal Information,Lesson 10: Popular jobs in my town,tienda,store,,,,
A1,Horario de clases,MINED Activity Book 3–4 / Inglés 7.º,Unit 3: Usual Activities,Lesson 13: School subjects,horario,schedule,Taim,,,
A1,Horario de clases,MINED Activity Book 3–4 / Inglés 7.º,Unit 3: Usual Activities,Lesson 13: School subjects,estudios sociales,social studies,,,,
A1,Horario de clases,MINED Activity Book 3–4 / Inglés 7.º,Unit 3: Usual Activities,Lesson 13: School subjects,educación física,physical education,,,,
A1,Horario de clases,MINED Activity Book 3–4 / Inglés 7.º,Unit 3: Usual Activities,Lesson 13: School subjects,biología,biology,,,,
A1,Horario de clases,MINED Activity Book 3–4 / Inglés 7.º,Unit 3: Usual Activities,Lesson 13: School subjects,geografía,geography,,,,
A1,Horario de clases,MINED Activity Book 3–4 / Inglés 7.º,Unit 3: Usual Activities,Lesson 13: School subjects,tarea,homework,,,,
A1,Horario de clases,MINED Activity Book 3–4 / Inglés 7.º,Unit 3: Usual Activities,Lesson 13: School subjects,examen,test,,,,
A1,Horario de clases,MINED Activity Book 3–4 / Inglés 7.º,Unit 3: Usual Activities,Lesson 13: School subjects,recreo,break,,,,
A1,Compartir las tareas de la casa,MINED Activity Book 3–4 / Inglés 7.º,Unit 3: Usual Activities,Lesson 14: Sharing housework,barrer,sweep,,,,
A1,Compartir las tareas de la casa,MINED Activity Book 3–4 / Inglés 7.º,Unit 3: Usual Activities,Lesson 14: Sharing housework,lavar los platos,wash the dishes,,,,
A1,Compartir las tareas de la casa,MINED Activity Book 3–4 / Inglés 7.º,Unit 3: Usual Activities,Lesson 14: Sharing housework,tender la cama,make the bed,,,,
A1,Compartir las tareas de la casa,MINED Activity Book 3–4 / Inglés 7.º,Unit 3: Usual Activities,Lesson 14: Sharing housework,cocinar,cook,,,,
A1,Compartir las tareas de la casa,MINED Activity Book 3–4 / Inglés 7.º,Unit 3: Usual Activities,Lesson 14: Sharing housework,sacar la basura,take out the trash,,,,
A1,Compartir las tareas de la casa,MINED Activity Book 3–4 / Inglés 7.º,Unit 3: Usual Activities,Lesson 14: Sharing housework,dar de comer a las gallinas,feed the chickens,,,,
A1,Compartir las tareas de la casa,MINED Activity Book 3–4 / Inglés 7.º,Unit 3: Usual Activities,Lesson 14: Sharing housework,ayudar,help,Help,,,
A1,Compartir las tareas de la casa,MINED Activity Book 3–4 / Inglés 7.º,Unit 3: Usual Activities,Lesson 14: Sharing housework,tareas de la casa,housework,,,,
A1,¿Qué hora es?,MINED Activity Book 3–4 / Inglés 7.º,Unit 4: The Time,Lesson 15: The time,¿Qué hora es?,What time is it?,,,,
A1,¿Qué hora es?,MINED Activity Book 3–4 / Inglés 7.º,Unit 4: The Time,Lesson 15: The time,en punto,o'clock,,,,
A1,¿Qué hora es?,MINED Activity Book 3–4 / Inglés 7.º,Unit 4: The Time,Lesson 15: The time,y media,half past,,,,
A1,¿Qué hora es?,MINED Activity Book 3–4 / Inglés 7.º,Unit 4: The Time,Lesson 15: The time,y cuarto,quarter past,,,,
A1,¿Qué hora es?,MINED Activity Book 3–4 / Inglés 7.º,Unit 4: The Time,Lesson 15: The time,menos cuarto,quarter to,,,,
A1,¿Qué hora es?,MINED Activity Book 3–4 / Inglés 7.º,Unit 4: The Time,Lesson 15: The time,hora,hour,Taim,,,
A1,¿Qué hora es?,MINED Activity Book 3–4 / Inglés 7.º,Unit 4: The Time,Lesson 15: The time,minuto,minute,,,,
A1,¿Qué hora es?,MINED Activity Book 3–4 / Inglés 7.º,Unit 4: The Time,Lesson 15: The time,reloj,clock,,,,
A2,Monedas y dinero,MINED Activity Book 3–4 / Inglés 7.º,Unit 4: The Time,Lesson 16: Coins and currency,dinero,money,,,,
A2,Monedas y dinero,MINED Activity Book 3–4 / Inglés 7.º,Unit 4: The Time,Lesson 16: Coins and currency,moneda,coin,,,,
A2,Monedas y dinero,MINED Activity Book 3–4 / Inglés 7.º,Unit 4: The Time,Lesson 16: Coins and currency,billete,bill,,,,
A2,Monedas y dinero,MINED Activity Book 3–4 / Inglés 7.º,Unit 4: The Time,Lesson 16: Coins and currency,precio,price,,,,
A2,Monedas y dinero,MINED Activity Book 3–4 / Inglés 7.º,Unit 4: The Time,Lesson 16: Coins and currency,barato,cheap,chiip,,,
A2,Monedas y dinero,MINED Activity Book 3–4 / Inglés 7.º,Unit 4: The Time,Lesson 16: Coins and currency,caro,expensive,,,,
A2,Monedas y dinero,MINED Activity Book 3–4 / Inglés 7.º,Unit 4: The Time,Lesson 16: Coins and currency,pagar,pay,Pei,,,
A2,Monedas y dinero,MINED Activity Book 3–4 / Inglés 7.º,Unit 4: The Time,Lesson 16: Coins and currency,vuelto,change,,,,
A2,Números ordinales,MINED Activity Book 3–4 / Inglés 7.º,Unit 4: The Time,Lesson 17: Ordinal numbers,primero,first,Fors,,,
A2,Números ordinales,MINED Activity Book 3–4 / Inglés 7.º,Unit 4: The Time,Lesson 17: Ordinal numbers,segundo,second,,,,
A2,Números ordinales,MINED Activity Book 3–4 / Inglés 7.º,Unit 4: The Time,Lesson 17: Ordinal numbers,tercero,third,,,,
A2,Números ordinales,MINED Activity Book 3–4 / Inglés 7.º,Unit 4: The Time,Lesson 17: Ordinal numbers,cuarto,fourth,,,,
A2,Números ordinales,MINED Activity Book 3–4 / Inglés 7.º,Unit 4: The Time,Lesson 17: Ordinal numbers,quinto,fifth,,,,
A2,Números ordinales,MINED Activity Book 3–4 / Inglés 7.º,Unit 4: The Time,Lesson 17: Ordinal numbers,décimo,tenth,,,,
A2,Números ordinales,MINED Activity Book 3–4 / Inglés 7.º,Unit 4: The Time,Lesson 17: Ordinal numbers,último,last,,,,
A2,Números ordinales,MINED Activity Book 3–4 / Inglés 7.º,Unit 4: The Time,Lesson 17: Ordinal numbers,piso,floor,,,,
A2,Celebrar los días festivos,MINED Activity Book 3–4 / Inglés 7.º,Unit 4: The Time,Lesson 18: Celebrating holidays,día festivo,holiday,,,,
A2,Celebrar los días festivos,MINED Activity Book 3–4 / Inglés 7.º,Unit 4: The Time,Lesson 18: Celebrating holidays,desfile,parade,,,,
A2,Celebrar los días festivos,MINED Activity Book 3–4 / Inglés 7.º,Unit 4: The Time,Lesson 18: Celebrating holidays,tambor,drum,,,,
A2,Celebrar los días festivos,MINED Activity Book 3–4 / Inglés 7.º,Unit 4: The Time,Lesson 18: Celebrating holidays,bandera,flag,,,,
A2,Celebrar los días festivos,MINED Activity Book 3–4 / Inglés 7.º,Unit 4: The Time,Lesson 18: Celebrating holidays,festival,festival,,,,
A2,Celebrar los días festivos,MINED Activity Book 3–4 / Inglés 7.º,Unit 4: The Time,Lesson 18: Celebrating holidays,baile tradicional,traditional dance,,,,
A2,Celebrar los días festivos,MINED Activity Book 3–4 / Inglés 7.º,Unit 4: The Time,Lesson 18: Celebrating holidays,fecha,date,,,,
A2,Celebrar los días festivos,MINED Activity Book 3–4 / Inglés 7.º,Unit 4: The Time,Lesson 18: Celebrating holidays,mes,month,,,,
A2,Las partes de la casa,MINED Activity Book 3–4 / Inglés 7.º,Unit 5: Home,Lesson 19: Rooms at home,sala,living room,,,,
A2,Las partes de la casa,MINED Activity Book 3–4 / Inglés 7.º,Unit 5: Home,Lesson 19: Rooms at home,cocina,kitchen,,,,
A2,Las partes de la casa,MINED Activity Book 3–4 / Inglés 7.º,Unit 5: Home,Lesson 19: Rooms at home,dormitorio,bedroom,,,,
A2,Las partes de la casa,MINED Activity Book 3–4 / Inglés 7.º,Unit 5: Home,Lesson 19: Rooms at home,baño,bathroom,,,,
A2,Las partes de la casa,MINED Activity Book 3–4 / Inglés 7.º,Unit 5: Home,Lesson 19: Rooms at home,patio,yard,,,,
A2,Las partes de la casa,MINED Activity Book 3–4 / Inglés 7.º,Unit 5: Home,Lesson 19: Rooms at home,corredor,porch,,,,
A2,Las partes de la casa,MINED Activity Book 3–4 / Inglés 7.º,Unit 5: Home,Lesson 19: Rooms at home,techo,roof,,,,
A2,Las partes de la casa,MINED Activity Book 3–4 / Inglés 7.º,Unit 5: Home,Lesson 19: Rooms at home,casa,house,Hous / Huom,,,
A2,Aparatos y muebles de la casa,MINED Activity Book 3–4 / Inglés 7.º,Unit 5: Home,Lesson 20: Home appliances and features,cocina,stove,,,,
A2,Aparatos y muebles de la casa,MINED Activity Book 3–4 / Inglés 7.º,Unit 5: Home,Lesson 20: Home appliances and features,refrigeradora,refrigerator,,,,
A2,Aparatos y muebles de la casa,MINED Activity Book 3–4 / Inglés 7.º,Unit 5: Home,Lesson 20: Home appliances and features,abanico,fan,,,,
A2,Aparatos y muebles de la casa,MINED Activity Book 3–4 / Inglés 7.º,Unit 5: Home,Lesson 20: Home appliances and features,cama,bed,,,,
A2,Aparatos y muebles de la casa,MINED Activity Book 3–4 / Inglés 7.º,Unit 5: Home,Lesson 20: Home appliances and features,mesa,table,Tiebl,,,
A2,Aparatos y muebles de la casa,MINED Activity Book 3–4 / Inglés 7.º,Unit 5: Home,Lesson 20: Home appliances and features,hamaca,hammock,,,,
A2,Aparatos y muebles de la casa,MINED Activity Book 3–4 / Inglés 7.º,Unit 5: Home,Lesson 20: Home appliances and features,lámpara,lamp,,,,
A2,Aparatos y muebles de la casa,MINED Activity Book 3–4 / Inglés 7.º,Unit 5: Home,Lesson 20: Home appliances and features,radio,radio,,,,
A2,Tipos de edificios,MINED Activity Book 3–4 / Inglés 7.º,Unit 5: Home,Lesson 21: Types of buildings,edificio,building,,,,
A2,Tipos de edificios,MINED Activity Book 3–4 / Inglés 7.º,Unit 5: Home,Lesson 21: Types of buildings,casa de madera,wooden house,,,,
A2,Tipos de edificios,MINED Activity Book 3–4 / Inglés 7.º,Unit 5: Home,Lesson 21: Types of buildings,apartamento,apartment,,,,
A2,Tipos de edificios,MINED Activity Book 3–4 / Inglés 7.º,Unit 5: Home,Lesson 21: Types of buildings,choza,hut,,,,
A2,Tipos de edificios,MINED Activity Book 3–4 / Inglés 7.º,Unit 5: Home,Lesson 21: Types of buildings,iglesia,church,Hous,,,
A2,Tipos de edificios,MINED Activity Book 3–4 / Inglés 7.º,Unit 5: Home,Lesson 21: Types of buildings,escuela,school,Skuul,,,
A2,Tipos de edificios,MINED Activity Book 3–4 / Inglés 7.º,Unit 5: Home,Lesson 21: Types of buildings,viejo,old,Uol,,,
A2,Tipos de edificios,MINED Activity Book 3–4 / Inglés 7.º,Unit 5: Home,Lesson 21: Types of buildings,nuevo,new,,,,
A2,Lugares y personas de la comunidad,MINED Activity Book 3–4 / Inglés 7.º,Unit 6: My Community,Lesson 22: Places and people in the community,comunidad,community,,,,
A2,Lugares y personas de la comunidad,MINED Activity Book 3–4 / Inglés 7.º,Unit 6: My Community,Lesson 22: Places and people in the community,centro de salud,health center,,,,
A2,Lugares y personas de la comunidad,MINED Activity Book 3–4 / Inglés 7.º,Unit 6: My Community,Lesson 22: Places and people in the community,banco,bank,,,,
A2,Lugares y personas de la comunidad,MINED Activity Book 3–4 / Inglés 7.º,Unit 6: My Community,Lesson 22: Places and people in the community,correo,post office,,,,
A2,Lugares y personas de la comunidad,MINED Activity Book 3–4 / Inglés 7.º,Unit 6: My Community,Lesson 22: Places and people in the community,farmacia,drugstore,,,,
A2,Lugares y personas de la comunidad,MINED Activity Book 3–4 / Inglés 7.º,Unit 6: My Community,Lesson 22: Places and people in the community,terminal de buses,bus station,,,,
A2,Lugares y personas de la comunidad,MINED Activity Book 3–4 / Inglés 7.º,Unit 6: My Community,Lesson 22: Places and people in the community,vecino,neighbor,,,,
A2,Lugares y personas de la comunidad,MINED Activity Book 3–4 / Inglés 7.º,Unit 6: My Community,Lesson 22: Places and people in the community,líder,leader,,,,
A2,Nuestro país,MINED Activity Book 3–4 / Inglés 7.º,Unit 6: My Community,Lesson 23: Our country,país,country,,,,
A2,Nuestro país,MINED Activity Book 3–4 / Inglés 7.º,Unit 6: My Community,Lesson 23: Our country,lago,lake,,,,
A2,Nuestro país,MINED Activity Book 3–4 / Inglés 7.º,Unit 6: My Community,Lesson 23: Our country,volcán,volcano,,,,
A2,Nuestro país,MINED Activity Book 3–4 / Inglés 7.º,Unit 6: My Community,Lesson 23: Our country,río,river,,,,
A2,Nuestro país,MINED Activity Book 3–4 / Inglés 7.º,Unit 6: My Community,Lesson 23: Our country,costa,coast,,,,
A2,Nuestro país,MINED Activity Book 3–4 / Inglés 7.º,Unit 6: My Community,Lesson 23: Our country,isla,island,,,,
A2,Nuestro país,MINED Activity Book 3–4 / Inglés 7.º,Unit 6: My Community,Lesson 23: Our country,capital,capital,,,,
A2,Nuestro país,MINED Activity Book 3–4 / Inglés 7.º,Unit 6: My Community,Lesson 23: Our country,región,region,,,,
A2,Personas famosas de nuestro país,MINED Activity Book 3–4 / Inglés 7.º,Unit 6: My Community,Lesson 25: Famous people in our country,famoso,famous,,,,
A2,Personas famosas de nuestro país,MINED Activity Book 3–4 / Inglés 7.º,Unit 6: My Community,Lesson 25: Famous people in our country,poeta,poet,,,,
A2,Personas famosas de nuestro país,MINED Activity Book 3–4 / Inglés 7.º,Unit 6: My Community,Lesson 25: Famous people in our country,cantante,singer,,,,
A2,Personas famosas de nuestro país,MINED Activity Book 3–4 / Inglés 7.º,Unit 6: My Community,Lesson 25: Famous people in our country,escritor,writer,,,,
A2,Personas famosas de nuestro país,MINED Activity Book 3–4 / Inglés 7.º,Unit 6: My Community,Lesson 25: Famous people in our country,beisbolista,baseball player,,,,
A2,Personas famosas de nuestro país,MINED Activity Book 3–4 / Inglés 7.º,Unit 6: My Community,Lesson 25: Famous people in our country,pintor,painter,,,,
A2,Personas famosas de nuestro país,MINED Activity Book 3–4 / Inglés 7.º,Unit 6: My Community,Lesson 25: Famous people in our country,nacido,born,,,,
A2,Personas famosas de nuestro país,MINED Activity Book 3–4 / Inglés 7.º,Unit 6: My Community,Lesson 25: Famous people in our country,ocupación,occupation,,,,
