prioridad,clave,español,miskitu_borrador,miskitu_corregido,kriol_borrador,kriol_corregido,ingles,observaciones
alta,aikukisnatextfield_ocultar_contrasena,Ocultar contraseña,Sain daukanka ba yukuks,,Haid paaswod,,Hide password,
alta,aikukisnatextfield_mostrar_contrasena,Mostrar contraseña,Sain daukanka ba mariks,,Shuo paaswod,,Show password,
alta,basebotton_login,Login,Dims,,Sain iin,,Log in,
normal,cardprogreso_no_hay_progreso,No hay progreso,Pâwanka âpu kaina,,No progres yet,,No progress yet,
normal,cardprogreso_progreso,Progreso,Pâwanka,,Progres,,Progress,
normal,navbarfile_inicio,Inicio,Tâ krikanka,,Hoom,,Home,
normal,navbarfile_aprender,Aprender,Lan takaia,,Laan,,Learn,
normal,navbarfile_diccionario,Diccionario,Bîla wauhkataya,,Dikshineri,,Dictionary,
normal,navbarfile_perfil,Perfil,Yang dukia,,Prowfail,,Profile,
normal,grafonavegacion_elige_uno_para_tu_leccion,Elige uno para tu lección de muestra,"Kumi wahbi saks, sampla lisin kum dukiara",,Pik wan fi yu chrai-out lesn,,Pick one for your sample lesson,
normal,grafonavegacion_tu_progreso_en_cada_idioma,Tu progreso en cada idioma se conserva,Bîla aisanka bani ra man pâwanka ba alki brisa,,Yu progres iina evri langwij stie seev,,Your progress in each language is kept,
normal,pantallas_inicio,Inicio,Tâ krikanka,,Hoom,,Home,
normal,pantallas_lecciones,Lecciones,Lisin nani,,Lesn dem,,Lessons,
normal,pantallas_capsulas,Cápsulas,Kapsul nani,,Kyapsl dem,,Capsules,
normal,pantallas_marcadores,Marcadores,Mark nani,,Maak dem,,Bookmarks,
normal,pantallas_perfil,Perfil,Yang dukia,,Prowfail,,Profile,
normal,camara_objetos,Objetos,Diara nani,,Ting dem,,Objects,
normal,camara_texto,Texto,Ulbanka,,Raitin,,Text,
normal,camara_el_idioma_que_aprendes,el idioma que aprendes,bîla aisanka man lan takisma ba,,di langwij weh yu laanin,,the language you are learning,
normal,camara_leyendo_el_texto,Leyendo el texto…,Ulbanka ba aisi kaikisna…,,Riidin di raitin…,,Reading the text…,
normal,camara_reconociendo_el_objeto,Reconociendo el objeto…,Diara ba dîa ba kaikisna…,,Luk fi nuo wa ting dis…,,Recognizing the object…,
normal,camara_toca_otra_vez_para_intentarlo,Toca otra vez para intentarlo.,"Kli kangbs, kli trai munaia dukiara.",,Tach it agen fi chrai.,,Tap again to try.,
normal,camara_toca_un_texto_para_traducirlo,Toca un texto para traducirlo al %1$s,"Ulbanka kum kangbs, %1$s ra lakaia dukiara",,Tach som raitin fi chransliet it iina %1$s,,Tap some text to translate it into %1$s,
normal,camara_toca_un_objeto_para_saber,Toca un objeto para saber cómo se dice en %1$s,"Diara kum kangbs, %1$s ra nahki wisa ba kaikaia dukiara",,Tach wan ting fi nuo ou yu se it iina %1$s,,Tap an object to learn how to say it in %1$s,
normal,camara_aun_no_tengo_una_traduccion,Aún no tengo una traducción verificada,Lakanka kasak kum brisras kaina,,Ai no hav wan chek chranslieshan fi dis yet,,I don't have a verified translation yet,
normal,camara_en_toca_otro_objeto,en %1$s · toca otro objeto,%1$s ra · diara wala kum kangbs,,iina %1$s · tach nada ting,,in %1$s · tap another object,
normal,camara_volver,Volver,Kli was,,Go bak,,Back,
normal,camara_camara_inteligente,CÁMARA INTELIGENTE,KAMARA SMAT,,SMAAT KYAMRA,,SMART CAMERA,
normal,camara_cam,CAM,,,,,CAM,
alta,camara_permiso_de_camara,Permiso de cámara,Kamara adarka,,Kyamra permishan,,Camera permission,
normal,camara_aikukisna_necesita_acceso_a_la,Aikukisna necesita acceso a la cámara para que toques un objeto y veas cómo se dice en el idioma que estás aprendiendo.,"Aikukisna ba kamara yus munaia nit sa, man diara kum kangbi, bîla aisanka man lan takisma ba ra nahki wisa ba kaikaia dukiara.",,Aikukisna niid fi yuuz di kyamra so yu kyan tach wan ting an sii ou yu se it iina di langwij weh yu laanin.,,Aikukisna needs camera access so you can tap an object and see how to say it in the language you are learning.,
alta,camara_otorgar_permiso,Otorgar permiso,Adarka yas,,Gi permishan,,Grant permission,
normal,completarperfil_completa_tu_informacion,Completa tu información,Man tânka nani ba sut ulbs,,Fil op yu infomieshan,,Complete your information,
normal,completarperfil_cerrar,Cerrar,Praks,,Kluoz,,Close,
normal,completarperfil_estos_datos_apareceran_en_tu,Estos datos aparecerán en tu perfil y en Inicio.,Naha tânka nani ba man dukia ra bara Tâ krikanka ra marikbia.,,Dis infomieshan wi shuo iina yu prowfail an pan Hoom.,,This information will appear on your profile and on Home.,
normal,completarperfil_nombres,Nombres,Nina,,Faas niem,,First names,
normal,completarperfil_apellidos,Apellidos,Apelido,,Laas niem,,Last names,
normal,completarperfil_nombre_de_usuario,Nombre de usuario,Yus mamunra nina,,Yuuza niem,,Username,
normal,completarperfil_correo_electronico,Correo electrónico,Imel,,Iimiel,,Email,
normal,completarperfil_edad,Edad,Mani,,Iej,,Age,
normal,completarperfil_ej_16,Ej. 16,Sampla: 16,,Laik 16,,E.g. 16,
normal,completarperfil_pais,País,Kuntri,,Konchri,,Country,
normal,completarperfil_ej_nicaragua,Ej. Nicaragua,Sampla: Nicaragua,,Laik Nicaragua,,E.g. Nicaragua,
normal,completarperfil_ciudad_o_comunidad,Ciudad o comunidad,Tawan,,Toun ar komyuniti,,City or community,
normal,completarperfil_guardando,Guardando...,Alki brisna...,,Seevin...,,Saving...,
normal,completarperfil_guardar_informacion,Guardar información,Tânka nani alki bris,,Seev infomieshan,,Save information,
normal,completarperfil_agregar_foto_de_perfil,Agregar foto de perfil,Man lilka kum mangks,,Put wan prowfail pikcha,,Add profile photo,
normal,configuracion_volver,Volver,Kli was,,Go bak,,Back,
normal,configuracion_configuracion,Configuración,Sitin nani,,Setinz,,Settings,
normal,configuracion_idioma,Idioma,Bîla aisanka,,Langwij,,Language,
normal,configuracion_idioma_que_aprendes,Idioma que aprendes,Bîla aisanka man lan takisma ba,,Langwij weh yu laanin,,Language you are learning,
normal,configuracion_toca_para_elegir,Toca para elegir,Wahbi sakaia dukiara kangbs,,Tach fi pik,,Tap to choose,
normal,configuracion_lengua_de_apoyo_para_espanol,Lengua de apoyo para Español,Ispail lan takaia mihta yaia bîla,,Help langwij fi Spanish,,Support language for Spanish,
normal,configuracion_las_lecciones_de_espanol_se,Las lecciones de Español se explican en %1$s,Ispail lisin nani ba %1$s ra tânka marikisa,,Di Spanish lesn dem wi eksplien iina %1$s,,Spanish lessons are explained in %1$s,
normal,configuracion_aprendizaje,Aprendizaje,Lan takanka,,Laanin,,Learning,
normal,configuracion_notificaciones,Notificaciones,Maisa pakanka nani,,Notis dem,,Notifications,
normal,configuracion_recordatorios_diarios_de_practica,Recordatorios diarios de práctica,Yu bani praptis takaia maisa pakanka,,Evri die rimainda fi prakatis,,Daily practice reminders,
normal,configuracion_sonido,Sonido,Binka,,Saund,,Sound,
normal,configuracion_efectos_de_sonido,Efectos de sonido,Binka nani,,Saund ifek dem,,Sound effects,
normal,configuracion_meta_diaria,Meta diaria,Yu bani tnata,,Die gool,,Daily goal,
alta,configuracion_cerrar_sesion,Cerrar sesión,Taki was,,Sain out,,Log out,
alta,configuracion_cerrar_sesion_2,¿Cerrar sesión?,Taki waia want sma?,,Sain out?,,Log out?,
normal,configuracion_tu_progreso_queda_guardado_para,Tu progreso queda guardado. Para volver a entrar necesitarás tu correo y contraseña.,Man pâwanka ba alki brisa. Kli dimaia dukiara man imel bara sain daukanka nit kabia.,,Yu progres stie seev. Fi kom bak iin yu wi niid yu iimiel an paaswod.,,Your progress is saved. To come back in you will need your email and password.,
alta,configuracion_cancelar,Cancelar,Swis,,Kyansl,,Cancel,
normal,configuracion_tuki_sin_conexion,Tuki sin conexión,Tuki intanet âpu,,Tuki widout intanet,,Tuki offline,
normal,configuracion_listo_el_traductor_funciona_sin,Listo: el traductor funciona sin internet,Ridi sa: bîla lakra ba intanet âpu wark takisa,,Redi: di chransleta wok widout intanet,,Ready: the translator works without internet,
normal,configuracion_esperando_wi_fi_toca_para,Esperando Wi-Fi. Toca para descargar ahora con datos móviles (~550 MB),Wi-Fi bîla kaikisna. Naha minit mobail data wal daunlod munaia dukiara kangbs (~550 MB),,Wietin fi Wi-Fi. Tach fi daunluod nou wid mobail data (~550 MB),,Waiting for Wi-Fi. Tap to download now with mobile data (~550 MB),
normal,configuracion_descargando_de_mb,Descargando… %1$s% (%2$s de %3$s MB),Daunlod munisna… %1$s% (%3$s MB wina %2$s),,Daunluodin… %1$s% (%2$s a %3$s MB),,Downloading… %1$s% (%2$s of %3$s MB),
normal,configuracion_descargando_mb,Descargando… %1$s MB,Daunlod munisna… %1$s MB,,Daunluodin… %1$s MB,,Downloading… %1$s MB,
normal,configuracion_la_descarga_fallo_toca_para,La descarga falló. Toca para reintentar,Daunlod ba swakwan. Kli trai munaia dukiara kangbs,,Di daunluod fiel. Tach fi chrai agen,,The download failed. Tap to retry,
normal,configuracion_toca_para_descargar_el_modelo,Toca para descargar el modelo (~550 MB),Model ba daunlod munaia dukiara kangbs (~550 MB),,Tach fi daunluod di modl (~550 MB),,Tap to download the model (~550 MB),
normal,configuracion_modelo_sin_conexion,Modelo sin conexión,Model intanet âpu,,Modl widout intanet,,Offline model,
alta,configuracion_eliminar_modelo,Eliminar modelo,Model ba diki saks,,Diliit modl,,Delete model,
normal,configuracion_libera_550_mb_el_traductor,Libera ~550 MB; el traductor de oraciones necesitará internet,~550 MB pliska sakbia; oracion lakra ba intanet nit kabia,,Fri op ~550 MB; di sentens chransleta wi niid intanet,,Frees ~550 MB; the sentence translator will need internet,
normal,cultura_volver,Volver,Kli was,,Go bak,,Back,
normal,cultura_cultura,Cultura,Sinska lâka,,Kalcha,,Culture,
normal,cultura_historias_y_saberes_del_caribe,Historias y saberes del Caribe,Karibe sturi bara nu takanka nani,,Stuori an nolij fram di Karibiyan,,Stories and knowledge of the Caribbean,
normal,cultura_conoce_la_cultura_de_los,Conoce la cultura de los pueblos que inspiran Aikukisna.,Aikukisna ra wilin yabi upla nani sinska lâka nu taks.,,Nuo di kalcha a di piipl dem weh inspaya Aikukisna.,,Get to know the culture of the peoples who inspire Aikukisna.,
normal,cultura_fuente,Fuente: %1$s,Dîa wina: %1$s,,Wehpaa it kom fram: %1$s,,Source: %1$s,
normal,descargamodelo_actualizacion_de_tuki,Actualización de Tuki,Tuki raya daukanka,,Tuki opdiet,,Tuki update,
normal,descargamodelo_vamos_a_descargar_en_tu,Vamos a descargar en tu teléfono el modelo de Tuki (unos %1$s MB). ,Man telepong ra Tuki model ba daunlod munamna (%1$s MB baku). ,,Wi gwain daunluod Tuki modl pan yu fuon (bout %1$s MB). ,,We are going to download Tuki's model to your phone (about %1$s MB). ,
normal,descargamodelo_con_el_tuki_conversa_contigo,"Con él, Tuki conversa contigo y el traductor funciona sin internet.","Baha wal, Tuki ba man wal aisisa bara bîla lakra ba intanet âpu wark takisa.",,"Wid it, Tuki taak wid yu an di chransleta wok widout intanet.",,"With it, Tuki chats with you and the translator works without internet.",
normal,descargamodelo_empezar,Empezar,Tâ kriks,,Staat,,Start,
normal,descargamodelo_seguir_en_segundo_plano,Seguir en segundo plano,Nina ra dauki ban was,,Kip goin bihain,,Continue in the background,
normal,descargamodelo_descargar_ahora_con_datos_moviles,Descargar ahora con datos móviles,Naha minit mobail data wal daunlod muns,,Daunluod nou wid mobail data,,Download now with mobile data,
normal,descargamodelo_esperar_wi_fi_y_continuar,Esperar Wi-Fi y continuar,Wi-Fi bîla kaiks bara dauki ban was,,Wiet fi Wi-Fi an kip goin,,Wait for Wi-Fi and continue,
normal,descargamodelo_mientras_se_descarga_puedes_usar,"Mientras se descarga puedes usar las lecciones, el diccionario y los quizzes con normalidad.","Daunlod munisna piua ra, lisin nani, bîla wauhkataya bara quiz nani yus muni sip sma.",,"Wail it daunluodin yu kyan yuuz di lesn dem, di dikshineri an di kwiz dem laik aalwiez.",,"While it downloads you can use lessons, the dictionary and quizzes as usual.",
normal,descargamodelo_listo_tuki_ya_esta_en,¡Listo! Tuki ya está en tu teléfono.,Ridi sa! Tuki ba man telepong ra pat bara sa.,,Redi! Tuki de pan yu fuon nou.,,Done! Tuki is now on your phone.,
normal,descargamodelo_de_mb,%1$s de %2$s MB,%2$s MB wina %1$s,,%1$s a %2$s MB,,%1$s of %2$s MB,
normal,descargamodelo_faltan,faltan %1$s,%1$s kau sa,,%1$s lef,,%1$s left,
normal,descargamodelo_calculando_tiempo,calculando tiempo…,Taim kulkisna…,,Kountin di taim…,,Calculating time…,
normal,descargamodelo_esperando_wi_fi_con_wi,Esperando Wi-Fi. Con Wi-Fi tarda aproximadamente %1$s.,Wi-Fi bîla kaikisna. Wi-Fi wal %1$s baku brisa.,,Wietin fi Wi-Fi. Wid Wi-Fi it tek bout %1$s.,,Waiting for Wi-Fi. With Wi-Fi it takes about %1$s.,
normal,descargamodelo_la_descarga_se_interrumpio_se,La descarga se interrumpió. Se reintentará sola; también puedes tocar descargar ahora.,Daunlod ba tauki takan. Witin kli trai munbia; man sin naha minit daunlod kangbi sip sma.,,Di daunluod stap. It wi chrai agen bai itself; yu kyan tach daunluod nou tu.,,The download was interrupted. It will retry on its own; you can also tap download now.,
normal,descargamodelo_preparando_la_descarga,Preparando la descarga…,Daunlod ba ridi daukisna…,,Gettin di daunluod redi…,,Preparing the download…,
normal,descargamodelo_entre_y_minutos,entre %1$s y %2$s minutos,%1$s bara %2$s minit purara,,bitwiin %1$s an %2$s minit,,between %1$s and %2$s minutes,
normal,descargamodelo_menos_de_1_minuto,menos de 1 minuto,minit kumi wina sirpi,,les dan 1 minit,,less than 1 minute,
normal,descargamodelo_unos_min,unos %1$s min,%1$s minit baku,,bout %1$s min,,about %1$s min,
normal,descargamodelo_unas_h_min,unas %1$s h %2$s min,%1$s aua %2$s minit baku,,bout %1$s h %2$s min,,about %1$s h %2$s min,
normal,descargaoffline_tu_aprendizaje_tambien_sin_internet,"Tu aprendizaje, también sin internet","Man lan takanka, intanet âpu sin",,"Yu laanin, iivn widout intanet",,"Your learning, even without internet",
normal,descargaoffline_estamos_preparando_tus_lecciones_y,Estamos preparando tus lecciones y tu diccionario.,Man lisin nani bara bîla wauhkataya ridi daukisna.,,Wi de get yu lesn dem an yu dikshineri redi.,,We are getting your lessons and your dictionary ready.,
normal,descargaoffline_contenido_offline,Contenido offline,Intanet âpu yus munaia dukia nani,,Kantent widout intanet,,Offline content,
normal,descargaoffline_una_sola_descarga_para_estudiar,"Una sola descarga para estudiar en tu comunidad, incluso sin señal.","Daunlod kumi baman, man tawan ra lan takaia dukiara, sain âpu kaka sin.",,"Wan daunluod oanli fi stodi iina yu komyuniti, iivn widout signal.",,"A single download to study in your community, even without signal.",
normal,descargaoffline_pronunciaciones,Pronunciaciones,Bîla aisanka nani,,Pranonsieshan dem,,Pronunciations,
normal,descargaoffline_las_palabras_quedan_disponibles_para,Las palabras quedan disponibles para escucharlas sin internet.,Bîla nani ba intanet âpu walaia dukiara alki brisa.,,Di wod dem stie redi fi lisn tu widout intanet.,,Words stay available to listen to without internet.,
normal,descargaoffline_reintentar_descarga,Reintentar descarga,Kli daunlod muns,,Chrai daunluod agen,,Retry download,
normal,descargaoffline_puedes_dejar_la_app_abierta,Puedes dejar la app abierta mientras termina.,"App ba kwâki swiaia sip sma, danh takbia kat.",,Yu kyan lef di ap uopn wail it finish.,,You can leave the app open while it finishes.,
normal,descargaoffline_audio_preparado_algunos_quedaran_bajo,Audio preparado (algunos quedarán bajo demanda),Audio ridi sa (kum kum ba nit kabia piua ra balbia),,Audio redi (som wi kom wen yu niid dem),,Audio ready (some will load on demand),
normal,descargaoffline_preparando_audio,Preparando audio,Audio ridi daukisna,,Gettin audio redi,,Preparing audio,
normal,descargaoffline_descargando_contenido,Descargando contenido,Dukia nani daunlod munisna,,Daunluodin kantent,,Downloading content,
normal,descargaoffline_texto,%1$s%,,,,,,
normal,detallepalabra_detalle,Detalle,Tânka,,Ditiel,,Detail,
normal,detallepalabra_volver,Volver,Kli was,,Go bak,,Back,
normal,detallepalabra_quitar_de_favoritos,Quitar de favoritos,Lihki dukia wina saks,,Tek out fram fievarit,,Remove from favorites,
normal,detallepalabra_agregar_a_favoritos,Agregar a favoritos,Lihki dukia ra kau praks,,Put iina fievarit,,Add to favorites,
normal,detallepalabra_traducciones,Traducciones,Lakanka nani,,Chranslieshan dem,,Translations,
normal,detallepalabra_texto,%1$s (%2$s),,,,,,
normal,dictionary_sin_categoria,Sin categoría,Kategoria âpu,,No kyatigori,,No category,
normal,dictionary_diccionario,Diccionario,Bîla wauhkataya,,Dikshineri,,Dictionary,
normal,dictionary_buscar_en_o,Buscar en %1$s o %2$s,%1$s apia kaka %2$s ra pliks,,Luk fi wod iina %1$s ar %2$s,,Search in %1$s or %2$s,
normal,dictionary_cargando_idioma_de_aprendizaje,Cargando idioma de aprendizaje,Lan takaia bîla aisanka ba lulkisna,,Luodin laanin langwij,,Loading learning language,
normal,dictionary_buscar,Buscar,Pliks,,Luk fi,,Search,
normal,dictionary_todas,Todas,Sut,,Aal,,All,
normal,dictionary_1_palabra,1 palabra,Bîla kumi,,1 wod,,1 word,
normal,dictionary_palabras,%1$s palabras,Bîla %1$s,,%1$s wod,,%1$s words,
normal,dictionary_cargando_el_idioma_elegido_en,Cargando el idioma elegido en tu perfil.,Bîla aisanka man wahbi sakram ba lulkisna.,,Luodin di langwij weh yu pik iina yu prowfail.,,Loading the language chosen in your profile.,
normal,dictionary_escribe_una_palabra_en_o,Escribe una palabra en %1$s o en %2$s para ver su traducción.,"%1$s apia kaka %2$s ra bîla kum ulbs, tânka ba kaikaia dukiara.",,Rait wan wod iina %1$s ar iina %2$s fi sii wa it miin.,,Type a word in %1$s or in %2$s to see its translation.,
normal,dictionary_sin_resultados_para,Sin resultados para “%1$s”,“%1$s” dukiara diara âpu,,Notin fain fi “%1$s”,,No results for “%1$s”,
normal,dictionary_quisiste_decir,¿Quisiste decir %1$s?,%1$s wiaia want sma?,,Yu waan se %1$s?,,Did you mean %1$s?,
normal,dictionary_texto,  •  %1$s,,,,,,
normal,dictionary_quitar_de_favoritos,Quitar de favoritos,Lihki dukia wina saks,,Tek out fram fievarit,,Remove from favorites,
normal,dictionary_agregar_a_favoritos,Agregar a favoritos,Lihki dukia ra kau praks,,Put iina fievarit,,Add to favorites,
normal,favoritos_favoritos,Favoritos,Lihki dukia nani,,Fievarit dem,,Favorites,
normal,favoritos_volver,Volver,Kli was,,Go bak,,Back,
normal,favoritos_todavia_no_tienes_palabras_favoritas,Todavía no tienes palabras favoritas.,Lihki bîla kumi sin brisras kaina.,,Yu no hav no fievarit wod yet.,,You don't have any favorite words yet.,
normal,favoritos_quitar,Quitar,Saks,,Tek out,,Remove,
normal,guestinicioquiz_volver,Volver,Kli was,,Go bak,,Back,
normal,guestinicioquiz_modo_invitado,MODO INVITADO,PRIS DIMANKA,,GESS MUOD,,GUEST MODE,
normal,guestinicioquiz_listo_terminaste_tu_leccion_de,¡Listo! Terminaste tu lección de prueba,Ridi sa! Sampla lisin ba danh munram,,Redi! Yu finish yu chrai-out lesn,,Done! You finished your trial lesson,
normal,guestinicioquiz_ahora,Ahora ,Naha minit ,,Nou ,,Now ,
normal,guestinicioquiz_prueba_tu_conocimiento,prueba tu conocimiento,man nu takanka trai muns,,tes wa yu nuo,,test what you know,
normal,guestinicioquiz_con_preguntas, con %1$s preguntas, makabi walanka %1$s wal,, wid %1$s kwestian,, with %1$s questions,
normal,guestinicioquiz_empezar_quiz,Empezar quiz,Quiz tâ kriks,,Staat kwiz,,Start quiz,
normal,guestmodeintro_volver,Volver,Kli was,,Go bak,,Back,
normal,guestmodeintro_modo_invitado,MODO INVITADO,PRIS DIMANKA,,GESS MUOD,,GUEST MODE,
normal,guestmodeintro_vamos_a_aprender_juntos,¡Vamos a aprender juntos!,Asla lan takpi!,,Mek wi laan tugeda!,,Let's learn together!,
normal,guestmodeintro_aprende,Aprende %1$s,%1$s lan taks,,Laan %1$s,,Learn %1$s,
normal,guestmodeintro_leccion_de_prueba,Lección de prueba: %1$s,Sampla lisin: %1$s,,Chrai-out lesn: %1$s,,Trial lesson: %1$s,
normal,guestmodeintro_esta_es_una_muestra_de,Esta es una muestra de lo que encontrarás en Aikukisna. Así es una lección:,Naha ba Aikukisna ra man piakbia dukia sampla kum. Lisin kum ba naku sa:,,Dis a wan likl piis a wa yu wi fain iina Aikukisna. Dis a ou wan lesn stie:,,This is a sample of what you will find in Aikukisna. This is what a lesson looks like:,
normal,guestmodeintro_aprende_palabras_con_tarjetas,Aprende %1$s palabras con tarjetas: ,Wauhtaya sâtka nani wal bîla %1$s lan taks: ,,Laan %1$s wod wid kyaad: ,,Learn %1$s words with cards: ,
normal,guestmodeintro_ves_la_palabra_en_piensas,"ves la palabra en %1$s, piensas qué significa y le das vuelta para comprobar.","bîla ba %1$s ra kaikisma, dîa tânka ba lukisma bara wauhtaya sâtka ba lakisma, kaikaia dukiara.",,"yu sii di wod iina %1$s, yu tingk wa it miin an yu ton it uova fi chek.",,"you see the word in %1$s, think about what it means and flip the card to check.",
normal,guestmodeintro_prueba_tu_conocimiento_con_un,Prueba tu conocimiento con un quiz de %1$s preguntas.,Makabi walanka %1$s quiz kum wal man nu takanka trai muns.,,Tes wa yu nuo wid wan kwiz a %1$s kwestian.,,Test what you know with a %1$s-question quiz.,
normal,guestmodeintro_mira_tu_resultado_y_todo,Mira tu resultado y todo lo que puedes desbloquear al crear tu cuenta.,Man ansika kaiks bara man akaunt paskisma kaka dîa dîa kwâkbia ba sut kaiks.,,Luk pan yu rizolt an aal wa yu kyan uopn wen yu mek yu akount.,,See your result and everything you can unlock when you create your account.,
normal,guestmodeintro_empezar_leccion,Empezar lección,Lisin tâ kriks,,Staat lesn,,Start lesson,
normal,guestmodeintro_sin_crear_cuenta_gratis,Sin crear cuenta - Gratis,Akaunt paskras - Pris,,Widout mek akount - Fri,,No account needed - Free,
normal,guestmoderesults_excelente,¡Excelente!,Pain pali!,,Yu du gud!,,Excellent!,
normal,guestmoderesults_buen_intento,¡Buen intento!,Pain trai munram!,,Gud chrai!,,Good try!,
normal,guestmoderesults_terminaste_tu_prueba,Terminaste tu prueba,Man trai munanka danh munram,,Yu finish yu tes,,You finished your test,
normal,guestmoderesults_ya_conoces_tus_primeras_palabras,Ya conoces tus primeras palabras en %1$s,%1$s ra kau kat bîla nani pat nu takram,,Nou yu nuo yu fos wod dem iina %1$s,,You now know your first words in %1$s,
normal,guestmoderesults_texto,%1$s,,,,,,
normal,guestmoderesults_palabras_aprendidas,palabras aprendidas,bîla lan takram,,wod laan,,words learned,
normal,guestmoderesults_texto_2,%1$s/%2$s,,,,,,
normal,guestmoderesults_respuestas_correctas,respuestas correctas,ansika aitani,,rait aansa,,correct answers,
normal,guestmoderesults_registrate_para_desbloquear,Regístrate para desbloquear:,"Man nina mangks, naha nani kwâkaia dukiara:",,Sain op fi uopn:,,Sign up to unlock:,
normal,guestmoderesults_lecciones_de_organizadas_por_niveles,%1$s lecciones de %2$s organizadas por niveles,"%2$s lisin %1$s, langnika bani ra",,%1$s lesn iina %2$s set op bai levl,,%1$s %2$s lessons organized by level,
normal,guestmoderesults_todas_las_lecciones_de_organizadas,Todas las lecciones de %1$s organizadas por niveles,"%1$s lisin nani sut, langnika bani ra",,Aal di lesn dem iina %1$s set op bai levl,,All %1$s lessons organized by level,
normal,guestmoderesults_tuki_tu_profesor_preguntale_lo,"Tuki, tu profesor: pregúntale lo que quieras sobre %1$s","Tuki, man smasmalkra: %1$s dukiara dîa want sma ba makabi wals",,"Tuki, yu teetsha: aks im enitin bout %1$s",,"Tuki, your teacher: ask anything you want about %1$s",
normal,guestmoderesults_diccionario_y_traductor_que_funcionan,Diccionario y traductor que funcionan sin internet,"Bîla wauhkataya bara bîla lakra, intanet âpu wark takisa",,Dikshineri an chransleta weh wok widout intanet,,Dictionary and translator that work without internet,
normal,guestmoderesults_camara_identifica_objetos_y_aprende,Cámara: identifica objetos y aprende su nombre,Kamara: diara nani nu taks bara nina nani lan taks,,Kyamra: nuo ting dem an laan dem niem,,Camera: identify objects and learn their names,
normal,guestmoderesults_xp_logros_y_racha_diaria,"XP, logros y racha diaria para medir tu avance","XP, prisant nani bara yu bani lan takanka, man pâwanka kaikaia dukiara",,"XP, achiivment an die strik fi mezha yu progres",,"XP, achievements and a daily streak to track your progress",
normal,guestmoderesults_tu_progreso_guardado_en_tu,Tu progreso guardado en tu cuenta,Man pâwanka ba man akaunt ra alki brisa,,Yu progres seev iina yu akount,,Your progress saved in your account,
normal,guestmoderesults_crear_cuenta,Crear cuenta,Akaunt pasks,,Mek akount,,Create account,
normal,guestquiz_volver,Volver,Kli was,,Go bak,,Back,
normal,guestquiz_quiz,Quiz,Quiz,,Kwiz,,Quiz,
normal,guestquiz_texto,%1$s/%2$s,,,,,,
normal,guestquiz_selecciona_la_opcion_correcta,Selecciona la opción correcta,Ansika aitani ba wahbi saks,,Pik di rait aansa,,Select the correct option,
normal,guestquiz_saltar,SALTAR,PALI WAS,,SKIP,,SKIP,
normal,guestquiz_siguiente,Siguiente,Ninara,,Nex,,Next,
normal,guestquiz_modo_invitado_registrate_para_guardar,MODO INVITADO · Regístrate para guardar tu progreso,PRIS DIMANKA · Man pâwanka alki briaia dukiara man nina mangks,,GESS MUOD · Sain op fi seev yu progres,,GUEST MODE · Sign up to save your progress,
normal,guestvocabulario_volver,Volver,Kli was,,Go bak,,Back,
normal,guestvocabulario_vocabulario,Vocabulario,Bîla nani,,Wod dem,,Vocabulary,
normal,guestvocabulario_texto,%1$s/%2$s,,,,,,
normal,guestvocabulario_como_se_dice,¿Cómo se dice?,Nahki wisa?,,Ou yu se it?,,How do you say it?,
normal,guestvocabulario_si,Sí,Âo,,Yes,,Yes,
normal,guestvocabulario_no,No,Apia,,No,,No,
normal,guestvocabulario_saltar,SALTAR,PALI WAS,,SKIP,,SKIP,
normal,guestvocabulario_siguiente,Siguiente,Ninara,,Nex,,Next,
normal,guestvocabulario_modo_invitado_registrate_para_guardar,MODO INVITADO · Regístrate para guardar tu progreso,PRIS DIMANKA · Man pâwanka alki briaia dukiara man nina mangks,,GESS MUOD · Sain op fi seev yu progres,,GUEST MODE · Sign up to save your progress,
normal,guestvocabulario_revelar_traduccion,Revelar traducción,Lakanka ba mariks,,Shuo chranslieshan,,Reveal translation,
normal,guestvocabulario_toca_para_voltear,Toca para voltear,Lakaia dukiara kangbs,,Tach fi ton it uova,,Tap to flip,
normal,home_usuario,Usuario,Yus mamunra,,Yuuza,,User,
normal,home_comienza_tu_aprendizaje_hoy,Comienza tu aprendizaje hoy,Naiwa man lan takanka tâ kriks,,Staat yu laanin tudee,,Start learning today,
normal,home_sin_idioma,Sin idioma,Bîla aisanka âpu,,No langwij,,No language,
normal,home_cambiar,Cambiar,Laks,,Chienj,,Change,
normal,home_nivel,NIVEL %1$s,LANGNIKA %1$s,,LEVL %1$s,,LEVEL %1$s,
normal,home_500_xp,%1$s / 500 XP,,,,,,
normal,home_continua_aprendiendo,Continúa aprendiendo,Lan takaia dauki ban was,,Kip laanin,,Keep learning,
normal,home_todavia_no_hay_lecciones_cargadas,Todavía no hay lecciones cargadas para %1$s.,%1$s dukiara lisin kumi sin âpu kaina.,,No lesn no de fi %1$s yet.,,There are no lessons loaded for %1$s yet.,
normal,home_explorar,Explorar,Kaiks,,Luk roun,,Explore,
normal,home_chat_ia,Chat IA,Tuki wal aisaia,,Taak wid Tuki,,AI Chat,
normal,home_camara,Cámara,Kamara,,Kyamra,,Camera,
normal,home_traductor,Traductor,Bîla lakra,,Chransleta,,Translator,
normal,home_tu_progreso,Tu progreso,Man pâwanka,,Yu progres,,Your progress,
normal,home_racha,Racha,Yu nani,,Strik,,Streak,
normal,home_logros,Logros,Prisant nani,,Achiivment,,Achievements,
normal,home_ver_todos,Ver todos,Sut kaiks,,Sii aal,,See all,
normal,home_repaso,Repaso,Kli kaiks,,Riviu,,Review,
normal,home_sigue_adelante,¡Sigue adelante!,Dauki ban was!,,Kip goin!,,Keep going!,
normal,home_cada_dia_que_aprendes_te,Cada día que aprendes te acercas más a hablar con quienes usan %1$s.,"Yu bani man lan takisma ba, %1$s aisi upla nani wal aisaia dukiara kau lamara wisma.",,"Evri die yu laan, yu kom moa kluos fi taak wid di piipl dem weh yuuz %1$s.",,Every day you learn brings you closer to talking with people who speak %1$s.,
normal,home_palabras_desde_20_xp,%1$s palabras · Desde 20 XP,Bîla %1$s · 20 XP wina,,%1$s wod · Fram 20 XP,,%1$s words · From 20 XP,
normal,leccioninicioquiz_volver,Volver,Kli was,,Go bak,,Back,
normal,leccioninicioquiz_leccion,LECCIÓN,LISIN,,LESN,,LESSON,
normal,leccioninicioquiz_vocabulario,Vocabulario,Bîla nani,,Wod dem,,Vocabulary,
normal,leccioninicioquiz_preparate_para_empezar_el,¡Prepárate para empezar el ,"Ridi takaia, ",,Get redi fi staat di ,,Get ready to start the ,
normal,leccionquiz_volver,Volver,Kli was,,Go bak,,Back,
normal,leccionquiz_leccion,LECCIÓN,LISIN,,LESN,,LESSON,
alta,leccionquiz_no_se_pudo_generar_el,No se pudo generar el quiz.,Quiz ba sip paskras kapri.,,Wi kudn mek di kwiz.,,The quiz could not be created.,
normal,leccionquiz_quiz,Quiz,Quiz,,Kwiz,,Quiz,
normal,leccionquiz_texto,%1$s/%2$s,,,,,,
normal,leccionquiz_selecciona_la_opcion_correcta,Selecciona la opción correcta,Ansika aitani ba wahbi saks,,Pik di rait aansa,,Select the correct option,
normal,leccionquiz_siguiente,Siguiente,Ninara,,Nex,,Next,
normal,leccionresultados_necesitas_para_aprobar,Necesitas %1$s% para aprobar,Paskaia dukiara %1$s% nit sma,,Yu niid %1$s% fi paas,,You need %1$s% to pass,
normal,leccionresultados_lo_lograste,¡Lo lograste!,Win takram!,,Yu mek it!,,You did it!,
normal,leccionresultados_intentalo_nuevamente,Inténtalo nuevamente,Kli trai muns,,Chrai agen,,Try again,
normal,leccionresultados_de_respuestas_correctas,%1$s de %2$s respuestas correctas,%2$s wina %1$s ansika aitani,,%1$s outa %2$s rait aansa,,%1$s of %2$s correct answers,
normal,leccionresultados_la_siguiente_leccion_continuara_bloqueada,La siguiente lección continuará bloqueada,Ninara lisin ba prakan kabia,,Di nex lesn wi stie lak,,The next lesson will stay locked,
normal,leccionresultados_texto,%1$s,,,,,,
normal,leccionresultados_palabras_aprendidas,palabras aprendidas,bîla lan takram,,wod laan,,words learned,
normal,leccionresultados_texto_2,%1$s/%2$s,,,,,,
normal,leccionresultados_texto_3,+%1$s,,,,,,
normal,leccionresultados_xp_ganados,XP ganados,XP win takram,,XP yu win,,XP earned,
normal,leccionresultados_continuar,Continuar,Dauki ban was,,Kip goin,,Continue,
normal,leccionresultados_volver_a_las_lecciones,Volver a las lecciones,Lisin nani ra kli was,,Go bak tu di lesn dem,,Back to lessons,
normal,leccionvocabulario_volver,Volver,Kli was,,Go bak,,Back,
normal,leccionvocabulario_leccion,LECCIÓN,LISIN,,LESN,,LESSON,
normal,leccionvocabulario_esta_leccion_no_tiene_contenido,Esta lección no tiene contenido todavía.,Naha lisin ra diara âpu kaina.,,Dis lesn no hav notin iina it yet.,,This lesson has no content yet.,
normal,leccionvocabulario_vocabulario,Vocabulario,Bîla nani,,Wod dem,,Vocabulary,
normal,leccionvocabulario_texto,%1$s/%2$s,,,,,,
normal,leccionvocabulario_como_se_dice,¿Cómo se dice?,Nahki wisa?,,Ou yu se it?,,How do you say it?,
normal,leccionvocabulario_siguiente,Siguiente,Ninara,,Nex,,Next,
normal,leccionvocabulario_revelar_traduccion,Revelar traducción,Lakanka ba mariks,,Shuo chranslieshan,,Reveal translation,
normal,leccionvocabulario_toca_para_voltear,Toca para voltear,Lakaia dukiara kangbs,,Tach fi ton it uova,,Tap to flip,
normal,lecciones_lecciones,Lecciones,Lisin nani,,Lesn dem,,Lessons,
normal,lecciones_todavia_no_hay_lecciones_en,Todavía no hay lecciones en este nivel.,Naha langnika ra lisin âpu kaina.,,No lesn no de iina dis levl yet.,,There are no lessons at this level yet.,
normal,lecciones_superviviente,Superviviente,Tâ krikra,,Sorvaiva,,Survival,
normal,lecciones_principiante,Principiante,Lan takra raya,,Bigina,,Beginner,
normal,lecciones_texto,%1$s - %2$s,,,,,,
normal,lecciones_bloqueada,"%1$s, bloqueada","%1$s, prakan",,"%1$s, lak",,"%1$s, locked",
alta,login_iniciar_sesion,Iniciar sesión,Dims,,Sain iin,,Log in,
alta,login_bienvenido_de_vuelta,¡Bienvenido de vuelta!,Yamni kli balram!,,Welkom bak!,,Welcome back!,
alta,login_usuario_o_correo_electronico,Usuario o correo electrónico,Yus mamunra nina apia kaka imel,,Yuuza niem ar iimiel,,Username or email,
alta,login_contrasena,Contraseña,Sain daukanka,,Paaswod,,Password,
alta,login_olvidaste_tu_contrasena,¿Olvidaste tu contraseña?,Man sain daukanka ba âuya tikram?,,Yu figet yu paaswod?,,Forgot your password?,
alta,login_no_tienes_cuenta,¿No tienes cuenta?,Man akaunt âpu?,,Yu no hav akount?,,Don't have an account?,
alta,login_registrate,Regístrate,Man nina mangks,,Sain op,,Sign up,
alta,login_o,ó,apia kaka,,ar,,or,
alta,login_entrar_como_invitado,Entrar como invitado,Pris dims,,Kom iin laik gess,,Continue as guest,
alta,login_continuar_con_google,Continuar con Google,Google wal dauki ban was,,Kip goin wid Google,,Continue with Google,
normal,logros_volver,Volver,Kli was,,Go bak,,Back,
normal,logros_mis_logros,MIS LOGROS,YANG PRISANT NANI,,MI ACHIIVMENT DEM,,MY ACHIEVEMENTS,
normal,logros_progreso_de_logros,Progreso de logros,Prisant nani pâwanka,,Achiivment progres,,Achievement progress,
alta,nuevacontrasena_crear_nueva_contrasena,Crear nueva contraseña,Sain daukanka raya pasks,,Mek nyuu paaswod,,Create new password,
alta,nuevacontrasena_escribe_y_confirma_la_contrasena,Escribe y confirma la contraseña que usarás para iniciar sesión.,Dimaia dukiara sain daukanka yus munma ba ulbs bara kli ulbs.,,Rait an kanfaam di paaswod weh yu wi yuuz fi sain iin.,,Type and confirm the password you will use to log in.,
alta,nuevacontrasena_nueva_contrasena,Nueva contraseña,Sain daukanka raya,,Nyuu paaswod,,New password,
alta,nuevacontrasena_confirmar_contrasena,Confirmar contraseña,Sain daukanka kli ulbs,,Kanfaam paaswod,,Confirm password,
alta,nuevacontrasena_guardar_contrasena,Guardar contraseña,Sain daukanka alki bris,,Seev paaswod,,Save password,
normal,onboarding_descubre_las_lenguas,Descubre las lenguas,Bîla aisanka nani kaiks,,Fain out bout di langwij dem,,Discover the languages,
normal,onboarding_lenguas_vivas_de_la_costa,Lenguas vivas de la costa caribe de Nicaragua,"Nicaragua Karibe Kus ra bîla aisanka nani, rayaka brih",,Livin langwij fram di Karibiyan Kuos a Nicaragua,,Living languages of Nicaragua's Caribbean Coast,
normal,onboarding_aprende_miskito_miskitu_e_ingles,"Aprende Miskito (Miskitu) e Inglés Kriol, lenguas de los pueblos originarios y afrodescendientes de la Costa Caribe de Nicaragua, además de Español e Inglés Estándar.","Miskitu bara Kriol lan taks, Nicaragua Karibe Kus ra upla tilara bara Afrodesendiente nani bîla, bara Ispail bara Inglis sin.",,"Laan Miskitu an Kriol, langwij a di indijinos an Afro-dissendant piipl dem a di Karibiyan Kuos a Nicaragua, an Spanish an Standad Inglish tu.",,"Learn Miskito (Miskitu) and Creole English, languages of the Indigenous and Afro-descendant peoples of Nicaragua's Caribbean Coast, as well as Spanish and Standard English.",
normal,onboarding_aprende_de_verdad,Aprende de verdad,Kasak lan taks,,Laan fi chruu,,Really learn,
normal,onboarding_metodo_probado_y_divertido,Método probado y divertido,Lan takaia natka pain bara lilia,,Wan wie weh wok an swiit,,"A proven, fun method",
normal,onboarding_lecciones_breves_quizzes_interactivos_y,"Lecciones breves, quizzes interactivos y un diccionario completo para que domines estas lenguas paso a paso.","Lisin tukta nani, quiz nani bara bîla wauhkataya tara kum, naha bîla aisanka nani tawa tawa lan takaia dukiara.",,"Shaat lesn, kwiz weh yu plie wid, an wan big dikshineri so yu kyan laan dem langwij stip bai stip.",,"Short lessons, interactive quizzes and a complete dictionary so you can master these languages step by step.",
normal,onboarding_gana_logros,¡Gana logros!,Prisant win taks!,,Win achiivment!,,Earn achievements!,
normal,onboarding_gamificacion_que_motiva,Gamificación que motiva,"Pulanka, lan takaia trabil kaikaia dukiara",,Giem weh push yu,,Game elements that motivate you,
normal,onboarding_acumula_xp_manten_tu_racha,"Acumula XP, mantén tu racha diaria y desbloquea logros únicos mientras dominas estas lenguas.","XP asla klaks, yu bani lan taks bara prisant nani kwâks.",,"Kalek XP, kip yu die strik an uopn speshal achiivment wail yu laan dem langwij.",,"Collect XP, keep your daily streak and unlock unique achievements while you master these languages.",
normal,onboarding_conecta_con_la_cultura,Conecta con la cultura,Sinska lâka wal wilks,,Kanek wid di kalcha,,Connect with the culture,
normal,onboarding_mas_que_un_idioma,Más que un idioma,Bîla aisanka kumi wina kau tara,,Moa dan wan langwij,,More than a language,
normal,onboarding_explora_la_rica_cultura_tradiciones,"Explora la rica cultura, tradiciones, música y gastronomía de los pueblos originarios y afrodescendientes del Caribe nicaragüense.","Nicaragua Karibe ra upla tilara bara Afrodesendiente nani sinska lâka, myusik bara plun nani kaiks.",,"Luk iina di rich kalcha, chradishan, myuuzik an fuud a di indijinos an Afro-dissendant piipl dem a di Nicaraguan Karibiyan.",,"Explore the rich culture, traditions, music and food of the Indigenous and Afro-descendant peoples of the Nicaraguan Caribbean.",
normal,onboarding_empieza_a_aprender,¡Empieza a aprender!,Lan takaia tâ kriks!,,Staat laan!,,Start learning!,
normal,onboarding_saltar,Saltar,Pali was,,Skip,,Skip,
normal,onboarding_siguiente,Siguiente,Ninara,,Nex,,Next,
normal,onboarding_hola_soy,¡Hola! Soy ,Naksa! Yang nini ,,Hai! Mi a ,,Hi! I'm ,
normal,onboarding_tuki,Tuki,Tuki,,Tuki,,Tuki,
normal,onboarding_juntos_aprenderemos_el_fabuloso_mundo,¡Juntos aprenderemos el fabuloso mundo de los idiomas!,Asla bîla aisanka nani lan takbia!,,Tugeda wi wi laan di wandaful worl a langwij!,,Together we'll learn the fabulous world of languages!,
normal,perfil_perfil,Perfil,Yang dukia,,Prowfail,,Profile,
normal,perfil_configuracion,Configuración,Sitin nani,,Setinz,,Settings,
normal,perfil_usuario,Usuario,Yus mamunra,,Yuuza,,User,
normal,perfil_nivel,NIVEL %1$s,LANGNIKA %1$s,,LEVL %1$s,,LEVEL %1$s,
normal,perfil_aprendiz,Aprendiz %1$s,%1$s lan tatakra,,%1$s laana,,%1$s learner,
normal,perfil_texto,%1$s,,,,,,
normal,perfil_racha,Racha,Yu nani,,Strik,,Streak,
normal,perfil_xp_total,XP total,XP sut,,Aal XP,,Total XP,
normal,perfil_lecciones,Lecciones,Lisin nani,,Lesn dem,,Lessons,
normal,perfil_logros,Logros,Prisant nani,,Achiivment,,Achievements,
normal,perfil_explorar_cultura,Explorar cultura,Sinska lâka kaiks,,Luk iina kalcha,,Explore culture,
normal,perfil_tu_idioma,tu idioma,man bîla aisanka,,yu langwij,,your language,
normal,perfil_progreso_de_nivel,Progreso de nivel,Langnika pâwanka,,Levl progres,,Level progress,
normal,perfil_500_xp,%1$s / 500 XP,,,,,,
normal,perfil_logros_2,Logros (%1$s/%2$s),Prisant nani (%1$s/%2$s),,Achiivment (%1$s/%2$s),,Achievements (%1$s/%2$s),
normal,perfil_ver_todos,Ver todos,Sut kaiks,,Sii aal,,See all,
normal,perfil_favoritos,Favoritos,Lihki dukia nani,,Fievarit dem,,Favorites,
normal,perfil_todavia_no_tienes_palabras_favoritas,Todavía no tienes palabras favoritas.,Lihki bîla kumi sin brisras kaina.,,Yu no hav no fievarit wod yet.,,You don't have any favorite words yet.,
normal,perfil_sigue_adelante,¡Sigue adelante!,Dauki ban was!,,Kip goin!,,Keep going!,
normal,perfil_cada_dia_que_aprendes_te,Cada día que aprendes te acercas más a hablar con los hablantes de %1$s.,"Yu bani man lan takisma ba, %1$s aisi upla nani wal aisaia dukiara kau lamara wisma.",,"Evri die yu laan, yu kom moa kluos fi taak wid di piipl dem weh taak %1$s.",,Every day you learn brings you closer to talking with %1$s speakers.,
normal,perfil_primera_leccion,Primera lección,Kau kat lisin,,Fos lesn,,First lesson,
normal,perfil_completa_tu_primera_leccion,Completa tu primera lección,Man kau kat lisin ba danh muns,,Finish yu fos lesn,,Complete your first lesson,
alta,recuperarcontrasena_recuperar_contrasena,Recuperar contraseña,Sain daukanka kli briaia,,Get bak paaswod,,Recover password,
alta,recuperarcontrasena_revisa_tu_correo_para_continuar,Revisa tu correo para continuar con el cambio de contraseña.,Sain daukanka lakaia dukiara man imel ba kaiks.,,Chek yu iimiel fi kip goin wid di paaswod chienj.,,Check your email to continue changing your password.,
alta,recuperarcontrasena_te_enviaremos_un_enlace_para,Te enviaremos un enlace para crear una nueva contraseña.,Sain daukanka raya paskaia dukiara wilkanka kum mai blikamna.,,Wi wi sen yu wan link fi mek wan nyuu paaswod.,,We'll send you a link to create a new password.,
alta,recuperarcontrasena_correo_electronico,Correo electrónico,Imel,,Iimiel,,Email,
alta,recuperarcontrasena_enviar_enlace,Enviar enlace,Wilkanka bliks,,Sen link,,Send link,
alta,recuperarcontrasena_volver_a_iniciar_sesion,Volver a iniciar sesión,Kli dims,,Go bak fi sain iin,,Back to log in,
alta,recuperarcontrasena_volver,Volver,Kli was,,Go bak,,Back,
alta,register_crear_cuenta,Crear cuenta,Akaunt pasks,,Mek akount,,Create account,
alta,register_comienza_tu_viaje,Comienza tu viaje,Man trip tâ kriks,,Staat yu jorni,,Start your journey,
alta,register_nombres_y_apellidos,Nombres y apellidos,Nina bara apelido,,Faas an laas niem,,First and last names,
alta,register_nombre_de_usuario,Nombre de usuario,Yus mamunra nina,,Yuuza niem,,Username,
alta,register_correo_electronico,Correo electrónico,Imel,,Iimiel,,Email,
alta,register_contrasena,Contraseña,Sain daukanka,,Paaswod,,Password,
alta,register_8_caract_mayuscula_numero_y,"8+ caract., mayúscula, número y símbolo","8+ leta, leta tara, numba bara sain",,"8+ leta, kyapital leta, nomba an simbl",,"8+ characters, uppercase, number and symbol",
alta,register_repetir_contrasena,Repetir contraseña,Sain daukanka kli ulbs,,Rait paaswod agen,,Repeat password,
alta,register_registrarse,Registrarse,Man nina mangks,,Sain op,,Sign up,
alta,register_ya_tienes_cuenta,¿Ya tienes cuenta?,Man akaunt pat brisma?,,Yu hav akount aredi?,,Already have an account?,
alta,register_iniciar_sesion,Iniciar sesión,Dims,,Sain iin,,Log in,
alta,register_o,ó,apia kaka,,ar,,or,
alta,register_continuar_con_google,Continuar con Google,Google wal dauki ban was,,Kip goin wid Google,,Continue with Google,
normal,seleccionaridioma_elige_el_idioma_con_el,Elige el idioma con el que quieres empezar,Bîla aisanka tâ krikaia want sma ba wahbi saks,,Pik di langwij weh yu waan staat wid,,Choose the language you want to start with,
normal,seleccionaridioma_que_idioma_quieres_aprender,¿Qué idioma quieres aprender?,Ani bîla aisanka lan takaia want sma?,,Wich langwij yu waan laan?,,Which language do you want to learn?,
normal,seleccionaridioma_continuar,Continuar,Dauki ban was,,Kip goin,,Continue,
normal,seleccionaridioma_no_hay_una_bandera_configurada,No hay una bandera configurada para %1$s,%1$s dukiara plaki âpu,,No flag no set op fi %1$s,,No flag is set up for %1$s,
normal,seleccionaridioma_referencia_visual_de,Referencia visual de %1$s,%1$s lilka,,Pikcha fi %1$s,,Picture for %1$s,
alta,terminos_1_que_es_aikukisna,1. Qué es Aikukisna,,,1. Wa a Aikukisna,,1. What Aikukisna is,
alta,terminos_aikukisna_es_una_app_educativa,"Aikukisna es una app educativa para aprender Miskito, Inglés Kriol, Inglés Estándar y Español ",,,"Aikukisna a wan ap fi laan Miskitu, Kriol, Standad Inglish an Spanish ",,"Aikukisna is an educational app for learning Miskito, Creole English, Standard English and Spanish ",
alta,terminos_de_la_costa_caribe_de,de la Costa Caribe de Nicaragua. Su uso es personal y con fines de aprendizaje.,,,fram di Karibiyan Kuos a Nicaragua. Yu yuuz it fi yuself an fi laan.,,of Nicaragua's Caribbean Coast. It is for personal use and for learning purposes.,
alta,terminos_2_tu_cuenta,2. Tu cuenta,,,2. Yu akount,,2. Your account,
alta,terminos_eres_responsable_de_los_datos,Eres responsable de los datos con los que te registras y de mantener tu contraseña en privado. ,,,Yu a di wan weh rispansibl fi di infomieshan yu sain op wid an fi kip yu paaswod sikrit. ,,You are responsible for the information you sign up with and for keeping your password private. ,
alta,terminos_si_eres_menor_de_edad,"Si eres menor de edad, usa la app con permiso de tu madre, padre o tutor.",,,"If yu a miina, yuuz di ap wid permishan fram yu muma, pupa ar gaadian.",,"If you are a minor, use the app with permission from your mother, father or guardian.",
alta,terminos_3_datos_que_guardamos,3. Datos que guardamos,,,3. Infomieshan weh wi seev,,3. Data we keep,
alta,terminos_guardamos_tu_nombre_correo_idioma,"Guardamos tu nombre, correo, idioma elegido y tu progreso (lecciones, XP, logros y favoritos) para ",,,"Wi seev yu niem, iimiel, di langwij yu pik an yu progres (lesn, XP, achiivment an fievarit) ",,"We keep your name, email, chosen language and your progress (lessons, XP, achievements and favorites) so ",
alta,terminos_que_no_lo_pierdas_al,que no lo pierdas al cambiar de teléfono. Esa información se sincroniza con nuestro servidor cuando ,,,so yu no laas it wen yu chienj fuon. Dat infomieshan go tu wi saava wen ,,that you don't lose it when you change phones. That information syncs with our server when ,
alta,terminos_tienes_internet_no_vendemos_tus,tienes internet. No vendemos tus datos.,,,yu hav intanet. Wi no sel yu infomieshan.,,you have internet. We do not sell your data.,
alta,terminos_4_microfono_y_camara,4. Micrófono y cámara,,,4. Maikrofuon an kyamra,,4. Microphone and camera,
alta,terminos_el_microfono_se_usa_solo,"El micrófono se usa solo cuando tocas el botón para hablar o practicar pronunciación, y la cámara ",,,"Di maikrofuon wok oanli wen yu tach di batn fi taak ar prakatis pranonsieshan, an di kyamra ",,"The microphone is used only when you tap the button to speak or practice pronunciation, and the camera ",
alta,terminos_solo_cuando_abres_la_funcion,solo cuando abres la función de reconocer objetos. La app te pedirá permiso antes de usarlos.,,,oanli wen yu uopn di paat fi nuo ting dem. Di ap wi aks yu permishan bifuo it yuuz dem.,,only when you open the object recognition feature. The app will ask for permission before using them.,
alta,terminos_5_tuki_y_el_contenido,5. Tuki y el contenido automático,,,5. Tuki an di kantent weh mek bai machiin,,5. Tuki and automatic content,
alta,terminos_tuki_y_el_traductor_funcionan,Tuki y el traductor funcionan con un modelo de inteligencia artificial que se descarga en tu teléfono ,,,Tuki an di chransleta wok wid wan aatifishal intelijens modl weh daunluod pan yu fuon ,,Tuki and the translator work with an artificial intelligence model that is downloaded to your phone ,
alta,terminos_unos_550_mb_las_traducciones,"(unos 550 MB). Las traducciones y respuestas generadas automáticamente pueden tener errores, sobre ",,,"(bout 550 MB). Di chranslieshan an aansa weh di machiin mek kyan hav mistiek, ",,"(about 550 MB). Automatically generated translations and answers may contain errors, ",
alta,terminos_todo_en_miskito_y_kriol,"todo en Miskito y Kriol: úsalas como apoyo y no como fuente oficial. Cuando tienes internet, algunas ",,,"moa iina Miskitu an Kriol: yuuz dem fi help an no laik ofishal suos. Wen yu hav intanet, som ",,"especially in Miskito and Creole: use them as support, not as an official source. When you have internet, some ",
alta,terminos_consultas_pueden_enviarse_a_un,consultas pueden enviarse a un servicio de IA externo para responderte.,,,kwestian kyan go tu wan AI saavis outsaid fi aansa yu.,,questions may be sent to an external AI service to answer you.,
alta,terminos_6_fuentes_y_respeto_cultural,6. Fuentes y respeto cultural,,,6. Suos an kalcharal rispek,,6. Sources and cultural respect,
alta,terminos_el_vocabulario_proviene_de_diccionarios,"El vocabulario proviene de diccionarios, materiales educativos y fuentes abiertas (como Wiktionary y ",,,"Di wod dem kom fram dikshineri, skuul matiirial an uopn suos (laik Wiktionary an ",,"The vocabulary comes from dictionaries, educational materials and open sources (such as Wiktionary and ",
alta,terminos_tatoeba_citadas_en_la_app,"Tatoeba), citadas en la app. Las lenguas y la cultura de los pueblos de la Costa Caribe pertenecen a ",,,"Tatoeba), weh di ap shuo. Di langwij an kalcha a di piipl dem a di Karibiyan Kuos bilang tu ",,"Tatoeba), cited in the app. The languages and culture of the Caribbean Coast peoples belong to ",
alta,terminos_sus_comunidades_te_pedimos_usarlas,sus comunidades; te pedimos usarlas con respeto.,,,dem komyuniti; wi aks yu fi yuuz dem wid rispek.,,their communities; we ask you to use them with respect.,
alta,terminos_7_uso_adecuado,7. Uso adecuado,,,7. Gud yuuz,,7. Appropriate use,
alta,terminos_no_uses_la_app_para,"No uses la app para molestar a otras personas, ni intentes copiar masivamente su contenido o dañar su ",,,"No yuuz di ap fi bada nada piipl, an no chrai fi kapi aal it kantent ar mash op it ",,"Do not use the app to bother other people, and do not try to copy its content in bulk or damage its ",
alta,terminos_8_cambios,8. Cambios,,,8. Chienj dem,,8. Changes,
alta,terminos_si_estos_terminos_cambian_te,"Si estos términos cambian, te los mostraremos de nuevo para que los aceptes antes de seguir.",,,"If dem tormz chienj, wi wi shuo yu dem agen so yu kyan agrii bifuo yu kip goin.",,"If these terms change, we will show them to you again so you can accept them before continuing.",
alta,terminos_terminos_y_condiciones,Términos y condiciones,,,Tormz an kandishan,,Terms and conditions,
alta,terminos_leelos_antes_de_empezar_a,Léelos antes de empezar a usar Aikukisna.,,,Riid dem bifuo yu staat yuuz Aikukisna.,,Read them before you start using Aikukisna.,
alta,terminos_he_leido_y_acepto_los,He leído y acepto los términos y condiciones,,,Ai riid an Ai agrii wid di tormz an kandishan,,I have read and accept the terms and conditions,
alta,terminos_aceptar_y_continuar,Aceptar y continuar,,,Agrii an kip goin,,Accept and continue,
alta,terminos_no_acepto_cerrar_sesion,No acepto (cerrar sesión),,,Ai no agrii (sain out),,I don't accept (log out),
normal,traductor_volver,Volver,Kli was,,Go bak,,Back,
normal,traductor_traductor,TRADUCTOR,BÎLA LAKRA,,CHRANSLETA,,TRANSLATOR,
normal,traductor_escribe_o_habla_en,Escribe o habla en %1$s...,%1$s ra ulbs apia kaka aisas...,,Rait ar taak iina %1$s...,,Type or speak in %1$s...,
normal,traductor_detener_dictado,Detener dictado,Aisanka ulbaia tauki taks,,Stap dikteshan,,Stop dictation,
normal,traductor_iniciar_dictado,Iniciar dictado,Aisanka ulbaia tâ kriks,,Staat dikteshan,,Start dictation,
normal,traductor_traducir,Traducir,Laks,,Chransliet,,Translate,
normal,traductor_escuchando_toca_el_microfono_para,Escuchando… toca el micrófono para terminar,Walisna… danh munaia dukiara maikrofon kangbs,,Lisnin… tach di maikrofuon fi finish,,Listening… tap the microphone to finish,
normal,traductor_transcribiendo_audio,Transcribiendo audio…,Audio ulbisna…,,Raitin dong di audio…,,Transcribing audio…,
normal,traductor_el_dictado_sin_conexion_en,El dictado sin conexión en %1$s es aproximado. Revisa el texto reconocido antes de traducir.,%1$s ra intanet âpu aisanka ulbanka ba kasak apia sa. Lakaia kaiki ulbanka ba kaiks.,,Dikteshan widout intanet iina %1$s no egzak. Chek di raitin bifuo yu chransliet.,,Offline dictation in %1$s is approximate. Check the recognized text before translating.,
normal,traductor_intercambiar_idiomas,Intercambiar idiomas,Bîla aisanka nani laks,,Swap langwij,,Swap languages,
normal,traductor_escuchar_pronunciacion,Escuchar pronunciación,Nahki aisisa ba wals,,Lisn tu pranonsieshan,,Listen to pronunciation,
normal,traductor_texto,• %1$s,,,,,,
normal,traductor_la_traduccion_aparecera_aqui,La traducción aparecerá aquí...,Lakanka ba naura marikbia...,,Di chranslieshan wi shuo ya...,,The translation will appear here...,
normal,traductor_consejos_de_pronunciacion,Consejos de pronunciación,Aisaia dukiara smalkanka,,Tip fi pranonsieshan,,Pronunciation tips,
normal,traductor_escucha_y_repite_la_pronunciacion,Escucha y repite la pronunciación cuando haya audio verificado disponible para la traducción.,"Lakanka dukiara audio kasak bara kaka, wals bara kli aisas.",,Lisn an se it agen wen chek audio de fi di chranslieshan.,,Listen and repeat the pronunciation when verified audio is available for the translation.,
normal,traductor_cambiar,Cambiar,Laks,,Chienj,,Change,
normal,traductor_verificado_en_el_diccionario_disponible,Verificado en el diccionario · disponible sin conexión,Bîla wauhkataya ra kasak sa · intanet âpu sin,,Chek iina di dikshineri · wok widout intanet,,Verified in the dictionary · available offline,
normal,traductor_traduccion_literal_con_el_diccionario,Traducción literal con el diccionario · sin conexión,"Bîla kumi kumi lakanka, bîla wauhkataya wal · intanet âpu",,Wod-bai-wod chranslieshan wid di dikshineri · widout intanet,,Word-for-word translation with the dictionary · offline,
normal,traductor_traduccion_automatica_sin_conexion,Traducción automática sin conexión,"Masin lakanka, intanet âpu",,Machiin chranslieshan widout intanet,,Automatic offline translation,
normal,traductor_texto_2,Texto,Ulbanka,,Raitin,,Text,
normal,traductor_conversacion,Conversación,Aisanka,,Taakin,,Conversation,
normal,traductor_elige_quien_habla_escribe_o,"Elige quién habla, escribe o dicta su frase y Aikukisna la traduce para la otra persona. Funciona sin conexión.","Ya aisisa ba wahbi saks, oracion ba ulbs apia kaka aisas, bara Aikukisna ba upla wala dukiara lakisa. Intanet âpu wark takisa.",,"Pik huu de taak, rait ar se di sentens an Aikukisna chransliet it fi di nada persn. It wok widout intanet.",,"Choose who is speaking, type or dictate the sentence and Aikukisna translates it for the other person. Works offline.",
normal,traductor_quien_habla,¿Quién habla?,Ya aisisa?,,Huu de taak?,,Who is speaking?,
normal,traductor_frase_en,Frase en %1$s...,%1$s ra bîla aisanka...,,Sentens iina %1$s...,,Sentence in %1$s...,
normal,traductor_dictar,Dictar,Aisas,,Dikteet,,Dictate,
normal,traductor_traducir_turno,Traducir turno,Laks,,Chransliet torn,,Translate turn,
normal,traductor_nueva_conversacion,Nueva conversación,Aisanka raya,,Nyuu taakin,,New conversation,
normal,traductor_texto_3,%1$s: %2$s,,,,,,
normal,traductor_escuchar,Escuchar,Wals,,Lisn,,Listen,
normal,tuki_volver,Volver,Kli was,,Go bak,,Back,
normal,tuki_tuki_ai,TUKI AI,TUKI AI,,TUKI AI,,TUKI AI,
normal,tuki_pregunta_lo_que_quieras,Pregunta lo que quieras...,Dîa want sma ba makabi wals...,,Aks enitin yu waan...,,Ask anything...,
normal,tuki_detener_dictado,Detener dictado,Aisanka ulbaia tauki taks,,Stap dikteshan,,Stop dictation,
normal,tuki_iniciar_dictado,Iniciar dictado,Aisanka ulbaia tâ kriks,,Staat dikteshan,,Start dictation,
normal,tuki_enviar,Enviar,Bliks,,Sen,,Send,
normal,tuki_escuchando_toca_el_microfono_para,Escuchando… toca el micrófono para terminar,Walisna… danh munaia dukiara maikrofon kangbs,,Lisnin… tach di maikrofuon fi finish,,Listening… tap the microphone to finish,
normal,tuki_transcribiendo_audio,Transcribiendo audio…,Audio ulbisna…,,Raitin dong di audio…,,Transcribing audio…,
normal,tuki_tuki_esta_escribiendo,Tuki está escribiendo…,Tuki ulbisa…,,Tuki de rait…,,Tuki is typing…,
alta,camara_no_se_pudo_reconocer_lo,No se pudo reconocer lo que tocaste,Dîa kangbram ba sip nu takras kapri,,Wi kudn nuo wa yu tach,,Could not recognize what you tapped,
alta,camara_no_se_pudo_leer_la,No se pudo leer la imagen de la cámara,Kamara lilka ba sip aisi kaikras kapri,,Wi kudn riid di kyamra pikcha,,Could not read the camera image,
alta,camara_no_se_pudo_identificar_al,No se pudo identificar al usuario,Yus mamunra ba sip nu takras kapri,,Wi kudn nuo huu di yuuza,,Could not identify the user,
normal,camara_elige_el_idioma_que_estas,Elige el idioma que estás aprendiendo en la pantalla principal,Tâ krikanka ra bîla aisanka man lan takisma ba wahbi saks,,Pik di langwij weh yu laanin pan di mien skriin,,Choose the language you are learning on the main screen,
alta,completarperfil_sesion_no_iniciada,Sesión no iniciada,Man dimras sma,,Yu no sain iin,,Not logged in,
alta,completarperfil_no_se_pudo_cargar_tu,No se pudo cargar tu información,Man tânka nani ba sip lulkras kapri,,Wi kudn luod yu infomieshan,,Could not load your information,
normal,completarperfil_completa_tu_nombre_apellido_y,"Completa tu nombre, apellido y nombre de usuario","Man nina, apelido bara yus mamunra nina ulbs",,"Fil op yu niem, laas niem an yuuza niem",,"Fill in your first name, last name and username",
normal,completarperfil_ingresa_una_edad_valida_entre,Ingresa una edad válida entre 5 y 120 años,5 bara 120 purara mani kasak kum ulbs,,Put wan gud iej bitwiin 5 an 120 yierz,,Enter a valid age between 5 and 120,
normal,completarperfil_no_se_encontro_tu_perfil,No se encontró tu perfil,Man dukia ba sip piakras kapri,,Wi kudn fain yu prowfail,,Your profile was not found,
alta,completarperfil_no_se_pudo_guardar_tu,No se pudo guardar tu información,Man tânka nani ba sip alki briras kapri,,Wi kudn seev yu infomieshan,,Could not save your information,
alta,cultura_no_se_pudo_cargar_la,No se pudo cargar la cultura,Sinska lâka ba sip lulkras kapri,,Wi kudn luod di kalcha,,Could not load the culture section,
alta,descargaoffline_no_se_pudo_preparar_el,No se pudo preparar el contenido inicial de la aplicación.,App kau kat dukia nani ba sip ridi daukras kapri.,,Wi kudn get di fos kantent a di ap redi.,,Could not prepare the app's initial content.,
alta,descargaoffline_no_se_pudo_descargar_el,No se pudo descargar el contenido. Comprueba tu conexión y vuelve a intentarlo.,Dukia nani ba sip daunlod munras kapri. Man intanet kaiks bara kli trai muns.,,Wi kudn daunluod di kantent. Chek yu intanet an chrai agen.,,Could not download the content. Check your connection and try again.,
normal,detallepalabra_no_se_encontro_la_palabra,No se encontró la palabra,Bîla ba sip piakras kapri,,Wi kudn fain di wod,,The word was not found,
alta,detallepalabra_no_se_pudo_cargar_el,No se pudo cargar el detalle,Tânka ba sip lulkras kapri,,Wi kudn luod di ditiel,,Could not load the details,
alta,detallepalabra_no_se_pudo_actualizar_el,No se pudo actualizar el favorito,Lihki dukia ba sip raya daukras kapri,,Wi kudn opdiet di fievarit,,Could not update the favorite,
alta,dictionary_no_se_pudo_actualizar_favoritos,No se pudo actualizar favoritos,Lihki dukia nani ba sip raya daukras kapri,,Wi kudn opdiet fievarit,,Could not update favorites,
normal,dictionary_el_contenido_local_todavia_no,El contenido local todavía no está disponible,Telepong ra dukia nani ridi apia sa kaina,,Di kantent pan di fuon no redi yet,,The local content is not available yet,
alta,dictionary_sesion_no_iniciada,Sesión no iniciada,Man dimras sma,,Yu no sain iin,,Not logged in,
normal,dictionary_todavia_no_elegiste_un_idioma,Todavía no elegiste un idioma para aprender,Lan takaia bîla aisanka kum wahbi sakras kaina,,Yu no pik wan langwij fi laan yet,,You haven't chosen a language to learn yet,
alta,dictionary_no_se_pudo_cargar_el,No se pudo cargar el idioma elegido,Bîla aisanka man wahbi sakram ba sip lulkras kapri,,Wi kudn luod di langwij yu pik,,Could not load the chosen language,
alta,dictionary_error_al_buscar,Error al buscar,Plikisna piua ra mistik kum takan,,Mistiek wen wi luk fi it,,Search error,
alta,favoritos_sesion_no_iniciada,Sesión no iniciada,Man dimras sma,,Yu no sain iin,,Not logged in,
normal,favoritos_no_se_pudieron_cargar_tus,No se pudieron cargar tus favoritos,Man lihki dukia nani ba sip lulkras kapri,,Wi kudn luod yu fievarit,,Could not load your favorites,
alta,favoritos_no_se_pudo_quitar_el,No se pudo quitar el favorito,Lihki dukia ba sip sakras kapri,,Wi kudn tek out di fievarit,,Could not remove the favorite,
normal,home_no_se_encontro_el_perfil,No se encontró el perfil,Man dukia ba sip piakras kapri,,Wi kudn fain di prowfail,,Profile not found,
alta,home_sesion_no_iniciada,Sesión no iniciada,Man dimras sma,,Yu no sain iin,,Not logged in,
alta,home_error_de_conexion,Error de conexión: %1$s,Intanet mistik: %1$s,,Intanet mistiek: %1$s,,Connection error: %1$s,
alta,home_no_se_pudo_cambiar_el,No se pudo cambiar el idioma,Bîla aisanka ba sip lakras kapri,,Wi kudn chienj di langwij,,Could not change the language,
alta,leccion_error_al_cargar_la_leccion,Error al cargar la lección,Lisin lulkisna piua ra mistik kum takan,,Mistiek wen wi luod di lesn,,Error loading the lesson,
alta,leccion_error_al_generar_el_quiz,Error al generar el quiz,Quiz paskisna piua ra mistik kum takan,,Mistiek wen wi mek di kwiz,,Error creating the quiz,
alta,leccion_no_se_pudo_guardar_tu,No se pudo guardar tu progreso,Man pâwanka ba sip alki briras kapri,,Wi kudn seev yu progres,,Could not save your progress,
alta,leccion_no_se_pudo_guardar_el,No se pudo guardar el intento,Trai munanka ba sip alki briras kapri,,Wi kudn seev di chrai,,Could not save the attempt,
alta,lecciones_sesion_no_iniciada,Sesión no iniciada,Man dimras sma,,Yu no sain iin,,Not logged in,
normal,lecciones_no_se_encontro_el_perfil,No se encontró el perfil,Man dukia ba sip piakras kapri,,Wi kudn fain di prowfail,,Profile not found,
normal,lecciones_todavia_no_elegiste_un_idioma,Todavía no elegiste un idioma,Bîla aisanka kum wahbi sakras kaina,,Yu no pik wan langwij yet,,You haven't chosen a language yet,
alta,lecciones_error_al_cargar_lecciones,Error al cargar lecciones,Lisin nani lulkisna piua ra mistik kum takan,,Mistiek wen wi luod di lesn dem,,Error loading lessons,
alta,login_completa_todos_los_campos,Completa todos los campos,Pliska nani sut ulbs,,Fil op aal di spies dem,,Fill in all the fields,
alta,login_inicio_de_sesion_cancelado,Inicio de sesión cancelado,Dimanka ba swin,,Sain iin kyansl,,Log in cancelled,
alta,login_error_al_iniciar_sesion_con,Error al iniciar sesión con Google,Google wal dimisna piua ra mistik kum takan,,Mistiek wen yu sain iin wid Google,,Error logging in with Google,
alta,login_sesion_no_iniciada,Sesión no iniciada,Man dimras sma,,Yu no sain iin,,Not logged in,
alta,login_no_se_encontro_el_perfil,No se encontró el perfil,Man dukia ba sip piakras kapri,,Wi kudn fain di prowfail,,Profile not found,
alta,login_no_se_pudo_guardar_el,No se pudo guardar el idioma elegido,Bîla aisanka man wahbi sakram ba sip alki briras kapri,,Wi kudn seev di langwij yu pik,,Could not save the chosen language,
alta,logros_sesion_no_iniciada,Sesión no iniciada,Man dimras sma,,Yu no sain iin,,Not logged in,
alta,logros_error_al_cargar_logros,Error al cargar logros,Prisant nani lulkisna piua ra mistik kum takan,,Mistiek wen wi luod achiivment,,Error loading achievements,
alta,nuevacontrasena_revisa_la_nueva_contrasena,Revisa la nueva contraseña,Sain daukanka raya ba kaiks,,Chek di nyuu paaswod,,Check the new password,
alta,nuevacontrasena_no_se_pudo_actualizar_la,No se pudo actualizar la contraseña. Solicita un enlace nuevo.,Sain daukanka ba sip lakras kapri. Wilkanka raya kum makabi wals.,,Wi kudn chienj di paaswod. Aks fi wan nyuu link.,,Could not update the password. Request a new link.,
alta,perfil_sesion_no_iniciada,Sesión no iniciada,Man dimras sma,,Yu no sain iin,,Not logged in,
alta,perfil_error_al_cargar_el_perfil,Error al cargar el perfil,Man dukia lulkisna piua ra mistik kum takan,,Mistiek wen wi luod di prowfail,,Error loading the profile,
alta,recuperarcontrasena_no_se_pudo_enviar_el,No se pudo enviar el correo de recuperación. Comprueba tu conexión e inténtalo de nuevo.,Sain daukanka kli briaia imel ba sip blikras kapri. Man intanet kaiks bara kli trai muns.,,Wi kudn sen di iimiel fi get bak yu paaswod. Chek yu intanet an chrai agen.,,Could not send the recovery email. Check your connection and try again.,
alta,register_completa_todos_los_campos,Completa todos los campos,Pliska nani sut ulbs,,Fil op aal di spies dem,,Fill in all the fields,
alta,register_las_contrasenas_no_coinciden,Las contraseñas no coinciden,Sain daukanka wâl ba kumi baku apia sa,,Di paaswod dem no siem,,The passwords don't match,
alta,register_error_al_conectar_con_el,Error al conectar con el servidor,Server wal wilkisna piua ra mistik kum takan,,Mistiek wen wi kanek wid di saava,,Error connecting to the server,
alta,register_sesion_no_iniciada,Sesión no iniciada,Man dimras sma,,Yu no sain iin,,Not logged in,
alta,register_no_se_encontro_el_perfil,No se encontró el perfil,Man dukia ba sip piakras kapri,,Wi kudn fain di prowfail,,Profile not found,
alta,register_no_se_pudo_guardar_el,No se pudo guardar el idioma elegido,Bîla aisanka man wahbi sakram ba sip alki briras kapri,,Wi kudn seev di langwij yu pik,,Could not save the chosen language,
alta,register_registro_cancelado,Registro cancelado,Nina mangkanka ba swin,,Sain op kyansl,,Sign-up cancelled,
alta,register_error_al_continuar_con_google,Error al continuar con Google,Google wal dauki ban wisna piua ra mistik kum takan,,Mistiek wen yu kip goin wid Google,,Error continuing with Google,
alta,stateflow_error_al_cargar_el_progreso,Error al cargar el progreso,Pâwanka lulkisna piua ra mistik kum takan,,Mistiek wen wi luod di progres,,Error loading progress,
normal,traductor_el_contenido_local_todavia_no,El contenido local todavía no está disponible,Telepong ra dukia nani ridi apia sa kaina,,Di kantent pan di fuon no redi yet,,The local content is not available yet,
normal,traductor_selecciona_un_idioma_objetivo_en,Selecciona un idioma objetivo en tu perfil antes de traducir,"Lakaia kaiki, man dukia ra bîla aisanka kum wahbi saks",,Pik wan langwij iina yu prowfail bifuo yu chransliet,,Select a target language in your profile before translating,
alta,traductor_no_se_pudo_cargar_el,No se pudo cargar el idioma objetivo del perfil,Man dukia wina bîla aisanka ba sip lulkras kapri,,Wi kudn luod di langwij fram di prowfail,,Could not load the target language from the profile,
alta,traductor_no_se_pudo_traducir,No se pudo traducir,Sip lakras kapri,,Wi kudn chransliet,,Could not translate,
normal,traductor_no_hay_una_pronunciacion_verificada,No hay una pronunciación verificada disponible para este texto,Naha ulbanka dukiara aisanka kasak kum âpu,,No chek pranonsieshan no de fi dis raitin,,There is no verified pronunciation for this text,
alta,traductor_no_se_pudo_reproducir_la,No se pudo reproducir la pronunciación,Aisanka ba sip walras kapri,,Wi kudn plie di pranonsieshan,,Could not play the pronunciation,
alta,traductor_no_se_pudo_reconocer_el,No se pudo reconocer el audio,Audio ba sip nu takras kapri,,Wi kudn andastan di audio,,Could not recognize the audio,
normal,tuki_el_contenido_local_todavia_no,El contenido local todavía no está disponible,Telepong ra dukia nani ridi apia sa kaina,,Di kantent pan di fuon no redi yet,,The local content is not available yet,
normal,tuki_el_idioma_seleccionado,el idioma seleccionado,bîla aisanka man wahbi sakram ba,,di langwij yu pik,,the selected language,
normal,tuki_hoy_podemos_practicar_continuar_una,"%1$s Hoy podemos practicar %2$s, continuar una lección o explorar su cultura. ¿Qué te gustaría hacer?","%1$s Naiwa %2$s praptis takaia sip sa, lisin kum dauki ban waia apia kaka sinska lâka kaikaia. Dîa daukaia want sma?",,"%1$s Tudee wi kyan prakatis %2$s, kip goin wid wan lesn ar luk iina it kalcha. Wa yu waan du?",,"%1$s Today we can practice %2$s, continue a lesson or explore its culture. What would you like to do?",
alta,tuki_no_se_pudo_preparar_el,No se pudo preparar el contenido local,Telepong ra dukia nani ba sip ridi daukras kapri,,Wi kudn get di kantent redi,,Could not prepare the local content,
normal,tuki_no_se_encontro_el_idioma,No se encontró el idioma seleccionado en el perfil. Vuelve a elegirlo antes de conversar con Tuki.,Man dukia ra bîla aisanka man wahbi sakram ba sip piakras kapri. Tuki wal aisaia kaiki kli wahbi saks.,,Wi kudn fain di langwij iina di prowfail. Pik it agen bifuo yu taak wid Tuki.,,The selected language was not found in your profile. Choose it again before chatting with Tuki.,
alta,tuki_no_se_pudo_obtener_una,No se pudo obtener una respuesta. Inténtalo nuevamente.,Ansika kum sip briras kapri. Kli trai muns.,,Wi kudn get wan aansa. Chrai agen.,,Could not get an answer. Please try again.,
alta,tuki_no_se_pudo_reconocer_el,No se pudo reconocer el audio,Audio ba sip nu takras kapri,,Wi kudn andastan di audio,,Could not recognize the audio,
normal,configuracion_meta_una_leccion,%1$s lección por día,Yu bani lisin %1$s,,%1$s lesn evri die,,%1$s lesson per day,
normal,configuracion_meta_varias_lecciones,%1$s lecciones por día,Yu bani lisin %1$s,,%1$s lesn evri die,,%1$s lessons per day,
normal,home_tu_idioma,tu idioma,man bîla aisanka,,yu langwij,,your language,
normal,home_racha_un_dia,%1$s DÍA,YU %1$s,,%1$s DIE,,%1$s DAY,
normal,home_racha_dias,%1$s DÍAS,YU %1$s,,%1$s DIE,,%1$s DAYS,
normal,configuracion_idioma_de_la_app,Idioma de la app,App bîla aisanka,,Ap langwij,,App language,
normal,configuracion_traduccion_en_revision,traducción en revisión,lakanka kaikisa kaina,,chranslieshan de get chek,,translation under review,
normal,configuracion_idioma_app_explicacion,Cambia el idioma de los menús y botones. No cambia el idioma que estás aprendiendo.,Menu bara batan nani bîla aisanka laks. Bîla aisanka man lan takisma ba lakras.,,Chienj di langwij a di menyu an batn dem. It no chienj di langwij weh yu laanin.,,Changes the language of menus and buttons. It does not change the language you are learning.,
normal,configuracion_borrador_revision_nativos,Borrador: lo están revisando hablantes nativos,Kau kat ulbanka: miskitu upla nani kaikisa kaina,,Draf: Kriol piipl de chek it,,Draft: native speakers are reviewing it,
normal,leccionresultados_correctas,correctas,aitani,,rait,,correct,
